Workbook

Sheet travel_time
B1: 0 | C1: 1 | D1: 2 | E1: 3 | F1: 4 | G1: 5 | H1: 6
A2: 0 | B2: 0 | C2: 13 | D2: 24 | E2: 20 | F2: 15 | G2: 20 | H2: 13
A3: 1 | B3: 13 | C3: 0 | D3: 29 | E3: 32 | F3: 22 | G3: 27 | H3: 22
A4: 2 | B4: 24 | C4: 29 | D4: 0 | E4: 46 | F4: 22 | G4: 20 | H4: 32
A5: 3 | B5: 20 | C5: 32 | D5: 46 | E5: 0 | F5: 25 | G5: 29 | H5: 15
A6: 4 | B6: 15 | C6: 22 | D6: 22 | E6: 25 | F6: 0 | G6: 5 | H6: 10
A7: 5 | B7: 20 | C7: 27 | D7: 20 | E7: 29 | F7: 5 | G7: 0 | H7: 15
A8: 6 | B8: 13 | C8: 22 | D8: 32 | E8: 15 | F8: 10 | G8: 15 | H8: 0

Sheet burned_area
B1: 1 | C1: 2 | D1: 3 | E1: 4 | F1: 5 | G1: 6
A2: 1 | B2: 48497.423 | C2: 6928.2032 | D2: 34641.016 | E2: 6928.2032 | F2: 6928.2032 | G2: 48497.423
A3: 2 | B3: =(B$11-B$2)/(100)*$A3+B$2 -> 49883.063 | C3: =(C$11-C$2)/(100)*$A3+C$2 -> 7066.7673 | D3: =(D$11-D$2)/(100)*$A3+D$2 -> 35195.272 | E3: =(E$11-E$2)/(100)*$A3+E$2 -> 7759.5876 | F3: =(F$11-F$2)/(100)*$A3+F$2 -> 6928.2032 | G3: =(G$11-G$2)/(100)*$A3+G$2 -> 49744.499
A4: 3 | B4: =(B$11-B$2)/(100)*$A4+B$2 -> 50575.884 | C4: =(C$11-C$2)/(100)*$A4+C$2 -> 7136.0493 | D4: =(D$11-D$2)/(100)*$A4+D$2 -> 35472.401 | E4: =(E$11-E$2)/(100)*$A4+E$2 -> 8175.2798 | F4: =(F$11-F$2)/(100)*$A4+F$2 -> 6928.2032 | G4: =(G$11-G$2)/(100)*$A4+G$2 -> 50368.037
A5: 4 | B5: =(B$11-B$2)/(100)*$A5+B$2 -> 51268.704 | C5: =(C$11-C$2)/(100)*$A5+C$2 -> 7205.3314 | D5: =(D$11-D$2)/(100)*$A5+D$2 -> 35749.529 | E5: =(E$11-E$2)/(100)*$A5+E$2 -> 8590.972 | F5: =(F$11-F$2)/(100)*$A5+F$2 -> 6928.2032 | G5: =(G$11-G$2)/(100)*$A5+G$2 -> 50991.576
A6: 5 | B6: =(B$11-B$2)/(100)*$A6+B$2 -> 51961.524 | C6: =(C$11-C$2)/(100)*$A6+C$2 -> 7274.6134 | D6: =(D$11-D$2)/(100)*$A6+D$2 -> 36026.657 | E6: =(E$11-E$2)/(100)*$A6+E$2 -> 9006.6642 | F6: =(F$11-F$2)/(100)*$A6+F$2 -> 6928.2032 | G6: =(G$11-G$2)/(100)*$A6+G$2 -> 51615.114
A7: 6 | B7: =(B$11-B$2)/(100)*$A7+B$2 -> 52654.345 | C7: =(C$11-C$2)/(100)*$A7+C$2 -> 7343.8954 | D7: =(D$11-D$2)/(100)*$A7+D$2 -> 36303.785 | E7: =(E$11-E$2)/(100)*$A7+E$2 -> 9422.3564 | F7: =(F$11-F$2)/(100)*$A7+F$2 -> 6928.2032 | G7: =(G$11-G$2)/(100)*$A7+G$2 -> 52238.652
A8: 7 | B8: =(B$11-B$2)/(100)*$A8+B$2 -> 53347.165 | C8: =(C$11-C$2)/(100)*$A8+C$2 -> 7413.1775 | D8: =(D$11-D$2)/(100)*$A8+D$2 -> 36580.913 | E8: =(E$11-E$2)/(100)*$A8+E$2 -> 9838.0486 | F8: =(F$11-F$2)/(100)*$A8+F$2 -> 6928.2032 | G8: =(G$11-G$2)/(100)*$A8+G$2 -> 52862.191
A9: 8 | B9: =(B$11-B$2)/(100)*$A9+B$2 -> 54039.985 | C9: =(C$11-C$2)/(100)*$A9+C$2 -> 7482.4595 | D9: =(D$11-D$2)/(100)*$A9+D$2 -> 36858.041 | E9: =(E$11-E$2)/(100)*$A9+E$2 -> 10253.741 | F9: =(F$11-F$2)/(100)*$A9+F$2 -> 6928.2032 | G9: =(G$11-G$2)/(100)*$A9+G$2 -> 53485.729
A10: 9 | B10: =(B$11-B$2)/(100)*$A10+B$2 -> 54732.806 | C10: =(C$11-C$2)/(100)*$A10+C$2 -> 7551.7415 | D10: =(D$11-D$2)/(100)*$A10+D$2 -> 37135.169 | E10: =(E$11-E$2)/(100)*$A10+E$2 -> 10669.433 | F10: =(F$11-F$2)/(100)*$A10+F$2 -> 6928.2032 | G10: =(G$11-G$2)/(100)*$A10+G$2 -> 54109.267
A11: 10 | B11: 117779.45 | C11: 13856.406 | D11: 62353.829 | E11: 48497.423 | F11: 6928.2032 | G11: 110851.25
A12: 11 | B12: =(B$21-B$11)/(100)*($A12-$A$11)+B$11 -> 118541.56 | C12: =(C$21-C$11)/(100)*($A12-$A$11)+C$11 -> 14202.817 | D12: =(D$21-D$11)/(100)*($A12-$A$11)+D$11 -> 62769.521 | E12: =(E$21-E$11)/(100)*($A12-$A$11)+E$11 -> 49120.961 | F12: =(F$21-F$11)/(100)*($A12-$A$11)+F$11 -> 7066.7673 | G12: =(G$21-G$11)/(100)*($A12-$A$11)+G$11 -> 111474.79
A13: 12 | B13: =(B$21-B$11)/(100)*($A13-$A$11)+B$11 -> 119303.66 | C13: =(C$21-C$11)/(100)*($A13-$A$11)+C$11 -> 14549.227 | D13: =(D$21-D$11)/(100)*($A13-$A$11)+D$11 -> 63185.213 | E13: =(E$21-E$11)/(100)*($A13-$A$11)+E$11 -> 49744.499 | F13: =(F$21-F$11)/(100)*($A13-$A$11)+F$11 -> 7205.3314 | G13: =(G$21-G$11)/(100)*($A13-$A$11)+G$11 -> 112098.33
A14: 13 | B14: =(B$21-B$11)/(100)*($A14-$A$11)+B$11 -> 120065.76 | C14: =(C$21-C$11)/(100)*($A14-$A$11)+C$11 -> 14895.637 | D14: =(D$21-D$11)/(100)*($A14-$A$11)+D$11 -> 63600.906 | E14: =(E$21-E$11)/(100)*($A14-$A$11)+E$11 -> 50368.037 | F14: =(F$21-F$11)/(100)*($A14-$A$11)+F$11 -> 7343.8954 | G14: =(G$21-G$11)/(100)*($A14-$A$11)+G$11 -> 112721.87
A15: 14 | B15: =(B$21-B$11)/(100)*($A15-$A$11)+B$11 -> 120827.86 | C15: =(C$21-C$11)/(100)*($A15-$A$11)+C$11 -> 15242.047 | D15: =(D$21-D$11)/(100)*($A15-$A$11)+D$11 -> 64016.598 | E15: =(E$21-E$11)/(100)*($A15-$A$11)+E$11 -> 50991.576 | F15: =(F$21-F$11)/(100)*($A15-$A$11)+F$11 -> 7482.4595 | G15: =(G$21-G$11)/(100)*($A15-$A$11)+G$11 -> 113345.4
A16: 15 | B16: =(B$21-B$11)/(100)*($A16-$A$11)+B$11 -> 121589.97 | C16: =(C$21-C$11)/(100)*($A16-$A$11)+C$11 -> 15588.457 | D16: =(D$21-D$11)/(100)*($A16-$A$11)+D$11 -> 64432.29 | E16: =(E$21-E$11)/(100)*($A16-$A$11)+E$11 -> 51615.114 | F16: =(F$21-F$11)/(100)*($A16-$A$11)+F$11 -> 7621.0236 | G16: =(G$21-G$11)/(100)*($A16-$A$11)+G$11 -> 113968.94
A17: 16 | B17: =(B$21-B$11)/(100)*($A17-$A$11)+B$11 -> 122352.07 | C17: =(C$21-C$11)/(100)*($A17-$A$11)+C$11 -> 15934.867 | D17: =(D$21-D$11)/(100)*($A17-$A$11)+D$11 -> 64847.982 | E17: =(E$21-E$11)/(100)*($A17-$A$11)+E$11 -> 52238.652 | F17: =(F$21-F$11)/(100)*($A17-$A$11)+F$11 -> 7759.5876 | G17: =(G$21-G$11)/(100)*($A17-$A$11)+G$11 -> 114592.48
A18: 17 | B18: =(B$21-B$11)/(100)*($A18-$A$11)+B$11 -> 123114.17 | C18: =(C$21-C$11)/(100)*($A18-$A$11)+C$11 -> 16281.278 | D18: =(D$21-D$11)/(100)*($A18-$A$11)+D$11 -> 65263.674 | E18: =(E$21-E$11)/(100)*($A18-$A$11)+E$11 -> 52862.191 | F18: =(F$21-F$11)/(100)*($A18-$A$11)+F$11 -> 7898.1517 | G18: =(G$21-G$11)/(100)*($A18-$A$11)+G$11 -> 115216.02
A19: 18 | B19: =(B$21-B$11)/(100)*($A19-$A$11)+B$11 -> 123876.27 | C19: =(C$21-C$11)/(100)*($A19-$A$11)+C$11 -> 16627.688 | D19: =(D$21-D$11)/(100)*($A19-$A$11)+D$11 -> 65679.367 | E19: =(E$21-E$11)/(100)*($A19-$A$11)+E$11 -> 53485.729 | F19: =(F$21-F$11)/(100)*($A19-$A$11)+F$11 -> 8036.7157 | G19: =(G$21-G$11)/(100)*($A19-$A$11)+G$11 -> 115839.56
A20: 19 | B20: =(B$21-B$11)/(100)*($A20-$A$11)+B$11 -> 124638.38 | C20: =(C$21-C$11)/(100)*($A20-$A$11)+C$11 -> 16974.098 | D20: =(D$21-D$11)/(100)*($A20-$A$11)+D$11 -> 66095.059 | E20: =(E$21-E$11)/(100)*($A20-$A$11)+E$11 -> 54109.267 | F20: =(F$21-F$11)/(100)*($A20-$A$11)+F$11 -> 8175.2798 | G20: =(G$21-G$11)/(100)*($A20-$A$11)+G$11 -> 116463.1
A21: 20 | B21: 193989.69 | C21: 48497.423 | D21: 103923.05 | E21: 110851.25 | F21: 20784.61 | G21: 173205.08
A22: 21 | B22: =(B$31-B$21)/(100)*($A22-$A$21)+B$21 -> 194543.95 | C22: =(C$31-C$21)/(100)*($A22-$A$21)+C$21 -> 49120.961 | D22: =(D$31-D$21)/(100)*($A22-$A$21)+D$21 -> 104408.02 | E22: =(E$31-E$21)/(100)*($A22-$A$21)+E$21 -> 111682.64 | F22: =(F$31-F$21)/(100)*($A22-$A$21)+F$21 -> 21269.584 | G22: =(G$31-G$21)/(100)*($A22-$A$21)+G$21 -> 174036.47
A23: 22 | B23: =(B$31-B$21)/(100)*($A23-$A$21)+B$21 -> 195098.2 | C23: =(C$31-C$21)/(100)*($A23-$A$21)+C$21 -> 49744.499 | D23: =(D$31-D$21)/(100)*($A23-$A$21)+D$21 -> 104893 | E23: =(E$31-E$21)/(100)*($A23-$A$21)+E$21 -> 112514.02 | F23: =(F$31-F$21)/(100)*($A23-$A$21)+F$21 -> 21754.558 | G23: =(G$31-G$21)/(100)*($A23-$A$21)+G$21 -> 174867.85
A24: 23 | B24: =(B$31-B$21)/(100)*($A24-$A$21)+B$21 -> 195652.46 | C24: =(C$31-C$21)/(100)*($A24-$A$21)+C$21 -> 50368.037 | D24: =(D$31-D$21)/(100)*($A24-$A$21)+D$21 -> 105377.97 | E24: =(E$31-E$21)/(100)*($A24-$A$21)+E$21 -> 113345.4 | F24: =(F$31-F$21)/(100)*($A24-$A$21)+F$21 -> 22239.532 | G24: =(G$31-G$21)/(100)*($A24-$A$21)+G$21 -> 175699.23
A25: 24 | B25: =(B$31-B$21)/(100)*($A25-$A$21)+B$21 -> 196206.72 | C25: =(C$31-C$21)/(100)*($A25-$A$21)+C$21 -> 50991.576 | D25: =(D$31-D$21)/(100)*($A25-$A$21)+D$21 -> 105862.95 | E25: =(E$31-E$21)/(100)*($A25-$A$21)+E$21 -> 114176.79 | F25: =(F$31-F$21)/(100)*($A25-$A$21)+F$21 -> 22724.507 | G25: =(G$31-G$21)/(100)*($A25-$A$21)+G$21 -> 176530.62
A26: 25 | B26: =(B$31-B$21)/(100)*($A26-$A$21)+B$21 -> 196760.97 | C26: =(C$31-C$21)/(100)*($A26-$A$21)+C$21 -> 51615.114 | D26: =(D$31-D$21)/(100)*($A26-$A$21)+D$21 -> 106347.92 | E26: =(E$31-E$21)/(100)*($A26-$A$21)+E$21 -> 115008.17 | F26: =(F$31-F$21)/(100)*($A26-$A$21)+F$21 -> 23209.481 | G26: =(G$31-G$21)/(100)*($A26-$A$21)+G$21 -> 177362
A27: 26 | B27: =(B$31-B$21)/(100)*($A27-$A$21)+B$21 -> 197315.23 | C27: =(C$31-C$21)/(100)*($A27-$A$21)+C$21 -> 52238.652 | D27: =(D$31-D$21)/(100)*($A27-$A$21)+D$21 -> 106832.89 | E27: =(E$31-E$21)/(100)*($A27-$A$21)+E$21 -> 115839.56 | F27: =(F$31-F$21)/(100)*($A27-$A$21)+F$21 -> 23694.455 | G27: =(G$31-G$21)/(100)*($A27-$A$21)+G$21 -> 178193.39
A28: 27 | B28: =(B$31-B$21)/(100)*($A28-$A$21)+B$21 -> 197869.48 | C28: =(C$31-C$21)/(100)*($A28-$A$21)+C$21 -> 52862.191 | D28: =(D$31-D$21)/(100)*($A28-$A$21)+D$21 -> 107317.87 | E28: =(E$31-E$21)/(100)*($A28-$A$21)+E$21 -> 116670.94 | F28: =(F$31-F$21)/(100)*($A28-$A$21)+F$21 -> 24179.429 | G28: =(G$31-G$21)/(100)*($A28-$A$21)+G$21 -> 179024.77
A29: 28 | B29: =(B$31-B$21)/(100)*($A29-$A$21)+B$21 -> 198423.74 | C29: =(C$31-C$21)/(100)*($A29-$A$21)+C$21 -> 53485.729 | D29: =(D$31-D$21)/(100)*($A29-$A$21)+D$21 -> 107802.84 | E29: =(E$31-E$21)/(100)*($A29-$A$21)+E$21 -> 117502.33 | F29: =(F$31-F$21)/(100)*($A29-$A$21)+F$21 -> 24664.403 | G29: =(G$31-G$21)/(100)*($A29-$A$21)+G$21 -> 179856.16
A30: 29 | B30: =(B$31-B$21)/(100)*($A30-$A$21)+B$21 -> 198978 | C30: =(C$31-C$21)/(100)*($A30-$A$21)+C$21 -> 54109.267 | D30: =(D$31-D$21)/(100)*($A30-$A$21)+D$21 -> 108287.82 | E30: =(E$31-E$21)/(100)*($A30-$A$21)+E$21 -> 118333.71 | F30: =(F$31-F$21)/(100)*($A30-$A$21)+F$21 -> 25149.378 | G30: =(G$31-G$21)/(100)*($A30-$A$21)+G$21 -> 180687.54
A31: 30 | B31: 249415.32 | C31: 110851.25 | D31: 152420.47 | E31: 193989.69 | F31: 69282.032 | G31: 256343.52
A32: 31 | B32: =(B$41-B$31)/(100)*($A32-$A$31)+B$31 -> 250246.7 | C32: =(C$41-C$31)/(100)*($A32-$A$31)+C$31 -> 111336.23 | D32: =(D$41-D$31)/(100)*($A32-$A$31)+D$31 -> 153182.57 | E32: =(E$41-E$31)/(100)*($A32-$A$31)+E$31 -> 195167.48 | F32: =(F$41-F$31)/(100)*($A32-$A$31)+F$31 -> 70044.135 | G32: =(G$41-G$31)/(100)*($A32-$A$31)+G$31 -> 257244.19
A33: 32 | B33: =(B$41-B$31)/(100)*($A33-$A$31)+B$31 -> 251078.09 | C33: =(C$41-C$31)/(100)*($A33-$A$31)+C$31 -> 111821.2 | D33: =(D$41-D$31)/(100)*($A33-$A$31)+D$31 -> 153944.68 | E33: =(E$41-E$31)/(100)*($A33-$A$31)+E$31 -> 196345.28 | F33: =(F$41-F$31)/(100)*($A33-$A$31)+F$31 -> 70806.237 | G33: =(G$41-G$31)/(100)*($A33-$A$31)+G$31 -> 258144.85
A34: 33 | B34: =(B$41-B$31)/(100)*($A34-$A$31)+B$31 -> 251909.47 | C34: =(C$41-C$31)/(100)*($A34-$A$31)+C$31 -> 112306.17 | D34: =(D$41-D$31)/(100)*($A34-$A$31)+D$31 -> 154706.78 | E34: =(E$41-E$31)/(100)*($A34-$A$31)+E$31 -> 197523.07 | F34: =(F$41-F$31)/(100)*($A34-$A$31)+F$31 -> 71568.339 | G34: =(G$41-G$31)/(100)*($A34-$A$31)+G$31 -> 259045.52
A35: 34 | B35: =(B$41-B$31)/(100)*($A35-$A$31)+B$31 -> 252740.85 | C35: =(C$41-C$31)/(100)*($A35-$A$31)+C$31 -> 112791.15 | D35: =(D$41-D$31)/(100)*($A35-$A$31)+D$31 -> 155468.88 | E35: =(E$41-E$31)/(100)*($A35-$A$31)+E$31 -> 198700.87 | F35: =(F$41-F$31)/(100)*($A35-$A$31)+F$31 -> 72330.442 | G35: =(G$41-G$31)/(100)*($A35-$A$31)+G$31 -> 259946.19
A36: 35 | B36: =(B$41-B$31)/(100)*($A36-$A$31)+B$31 -> 253572.24 | C36: =(C$41-C$31)/(100)*($A36-$A$31)+C$31 -> 113276.12 | D36: =(D$41-D$31)/(100)*($A36-$A$31)+D$31 -> 156230.98 | E36: =(E$41-E$31)/(100)*($A36-$A$31)+E$31 -> 199878.66 | F36: =(F$41-F$31)/(100)*($A36-$A$31)+F$31 -> 73092.544 | G36: =(G$41-G$31)/(100)*($A36-$A$31)+G$31 -> 260846.85
A37: 36 | B37: =(B$41-B$31)/(100)*($A37-$A$31)+B$31 -> 254403.62 | C37: =(C$41-C$31)/(100)*($A37-$A$31)+C$31 -> 113761.1 | D37: =(D$41-D$31)/(100)*($A37-$A$31)+D$31 -> 156993.09 | E37: =(E$41-E$31)/(100)*($A37-$A$31)+E$31 -> 201056.46 | F37: =(F$41-F$31)/(100)*($A37-$A$31)+F$31 -> 73854.646 | G37: =(G$41-G$31)/(100)*($A37-$A$31)+G$31 -> 261747.52
A38: 37 | B38: =(B$41-B$31)/(100)*($A38-$A$31)+B$31 -> 255235.01 | C38: =(C$41-C$31)/(100)*($A38-$A$31)+C$31 -> 114246.07 | D38: =(D$41-D$31)/(100)*($A38-$A$31)+D$31 -> 157755.19 | E38: =(E$41-E$31)/(100)*($A38-$A$31)+E$31 -> 202234.25 | F38: =(F$41-F$31)/(100)*($A38-$A$31)+F$31 -> 74616.749 | G38: =(G$41-G$31)/(100)*($A38-$A$31)+G$31 -> 262648.18
A39: 38 | B39: =(B$41-B$31)/(100)*($A39-$A$31)+B$31 -> 256066.39 | C39: =(C$41-C$31)/(100)*($A39-$A$31)+C$31 -> 114731.05 | D39: =(D$41-D$31)/(100)*($A39-$A$31)+D$31 -> 158517.29 | E39: =(E$41-E$31)/(100)*($A39-$A$31)+E$31 -> 203412.05 | F39: =(F$41-F$31)/(100)*($A39-$A$31)+F$31 -> 75378.851 | G39: =(G$41-G$31)/(100)*($A39-$A$31)+G$31 -> 263548.85
A40: 39 | B40: =(B$41-B$31)/(100)*($A40-$A$31)+B$31 -> 256897.78 | C40: =(C$41-C$31)/(100)*($A40-$A$31)+C$31 -> 115216.02 | D40: =(D$41-D$31)/(100)*($A40-$A$31)+D$31 -> 159279.39 | E40: =(E$41-E$31)/(100)*($A40-$A$31)+E$31 -> 204589.84 | F40: =(F$41-F$31)/(100)*($A40-$A$31)+F$31 -> 76140.954 | G40: =(G$41-G$31)/(100)*($A40-$A$31)+G$31 -> 264449.52
A41: 40 | B41: 332553.76 | C41: 159348.67 | D41: 228630.71 | E41: 311769.15 | F41: 145492.27 | G41: 346410.16
A42: 41 | B42: =(B$51-B$41)/(100)*($A42-$A$41)+B$41 -> 333246.58 | C42: =(C$51-C$41)/(100)*($A42-$A$41)+C$41 -> 160734.31 | D42: =(D$51-D$41)/(100)*($A42-$A$41)+D$41 -> 229323.53 | E42: =(E$51-E$41)/(100)*($A42-$A$41)+E$41 -> 312669.81 | F42: =(F$51-F$41)/(100)*($A42-$A$41)+F$41 -> 146254.37 | G42: =(G$51-G$41)/(100)*($A42-$A$41)+G$41 -> 347449.39
A43: 42 | B43: =(B$51-B$41)/(100)*($A43-$A$41)+B$41 -> 333939.4 | C43: =(C$51-C$41)/(100)*($A43-$A$41)+C$41 -> 162119.96 | D43: =(D$51-D$41)/(100)*($A43-$A$41)+D$41 -> 230016.35 | E43: =(E$51-E$41)/(100)*($A43-$A$41)+E$41 -> 313570.48 | F43: =(F$51-F$41)/(100)*($A43-$A$41)+F$41 -> 147016.47 | G43: =(G$51-G$41)/(100)*($A43-$A$41)+G$41 -> 348488.62
A44: 43 | B44: =(B$51-B$41)/(100)*($A44-$A$41)+B$41 -> 334632.22 | C44: =(C$51-C$41)/(100)*($A44-$A$41)+C$41 -> 163505.6 | D44: =(D$51-D$41)/(100)*($A44-$A$41)+D$41 -> 230709.17 | E44: =(E$51-E$41)/(100)*($A44-$A$41)+E$41 -> 314471.14 | F44: =(F$51-F$41)/(100)*($A44-$A$41)+F$41 -> 147778.57 | G44: =(G$51-G$41)/(100)*($A44-$A$41)+G$41 -> 349527.85
A45: 44 | B45: =(B$51-B$41)/(100)*($A45-$A$41)+B$41 -> 335325.04 | C45: =(C$51-C$41)/(100)*($A45-$A$41)+C$41 -> 164891.24 | D45: =(D$51-D$41)/(100)*($A45-$A$41)+D$41 -> 231401.99 | E45: =(E$51-E$41)/(100)*($A45-$A$41)+E$41 -> 315371.81 | F45: =(F$51-F$41)/(100)*($A45-$A$41)+F$41 -> 148540.68 | G45: =(G$51-G$41)/(100)*($A45-$A$41)+G$41 -> 350567.08
A46: 45 | B46: =(B$51-B$41)/(100)*($A46-$A$41)+B$41 -> 336017.86 | C46: =(C$51-C$41)/(100)*($A46-$A$41)+C$41 -> 166276.88 | D46: =(D$51-D$41)/(100)*($A46-$A$41)+D$41 -> 232094.81 | E46: =(E$51-E$41)/(100)*($A46-$A$41)+E$41 -> 316272.48 | F46: =(F$51-F$41)/(100)*($A46-$A$41)+F$41 -> 149302.78 | G46: =(G$51-G$41)/(100)*($A46-$A$41)+G$41 -> 351606.31
A47: 46 | B47: =(B$51-B$41)/(100)*($A47-$A$41)+B$41 -> 336710.68 | C47: =(C$51-C$41)/(100)*($A47-$A$41)+C$41 -> 167662.52 | D47: =(D$51-D$41)/(100)*($A47-$A$41)+D$41 -> 232787.63 | E47: =(E$51-E$41)/(100)*($A47-$A$41)+E$41 -> 317173.14 | F47: =(F$51-F$41)/(100)*($A47-$A$41)+F$41 -> 150064.88 | G47: =(G$51-G$41)/(100)*($A47-$A$41)+G$41 -> 352645.54
A48: 47 | B48: =(B$51-B$41)/(100)*($A48-$A$41)+B$41 -> 337403.5 | C48: =(C$51-C$41)/(100)*($A48-$A$41)+C$41 -> 169048.16 | D48: =(D$51-D$41)/(100)*($A48-$A$41)+D$41 -> 233480.45 | E48: =(E$51-E$41)/(100)*($A48-$A$41)+E$41 -> 318073.81 | F48: =(F$51-F$41)/(100)*($A48-$A$41)+F$41 -> 150826.98 | G48: =(G$51-G$41)/(100)*($A48-$A$41)+G$41 -> 353684.77
A49: 48 | B49: =(B$51-B$41)/(100)*($A49-$A$41)+B$41 -> 338096.32 | C49: =(C$51-C$41)/(100)*($A49-$A$41)+C$41 -> 170433.8 | D49: =(D$51-D$41)/(100)*($A49-$A$41)+D$41 -> 234173.27 | E49: =(E$51-E$41)/(100)*($A49-$A$41)+E$41 -> 318974.48 | F49: =(F$51-F$41)/(100)*($A49-$A$41)+F$41 -> 151589.09 | G49: =(G$51-G$41)/(100)*($A49-$A$41)+G$41 -> 354724.01
A50: 49 | B50: =(B$51-B$41)/(100)*($A50-$A$41)+B$41 -> 338789.14 | C50: =(C$51-C$41)/(100)*($A50-$A$41)+C$41 -> 171819.44 | D50: =(D$51-D$41)/(100)*($A50-$A$41)+D$41 -> 234866.09 | E50: =(E$51-E$41)/(100)*($A50-$A$41)+E$41 -> 319875.14 | F50: =(F$51-F$41)/(100)*($A50-$A$41)+F$41 -> 152351.19 | G50: =(G$51-G$41)/(100)*($A50-$A$41)+G$41 -> 355763.24
A51: 50 | B51: 401835.79 | C51: 297912.74 | D51: 297912.74 | E51: 401835.79 | F51: 221702.5 | G51: 450333.21
A52: 51 | B52: =(B$61-B$51)/(100)*($A52-$A$51)+B$51 -> 402875.02 | C52: =(C$61-C$51)/(100)*($A52-$A$51)+C$51 -> 298536.28 | D52: =(D$61-D$51)/(100)*($A52-$A$51)+D$51 -> 298813.41 | E52: =(E$61-E$51)/(100)*($A52-$A$51)+E$51 -> 403221.43 | F52: =(F$61-F$51)/(100)*($A52-$A$51)+F$51 -> 222811.02 | G52: =(G$61-G$51)/(100)*($A52-$A$51)+G$51 -> 452273.11
A53: 52 | B53: =(B$61-B$51)/(100)*($A53-$A$51)+B$51 -> 403914.25 | C53: =(C$61-C$51)/(100)*($A53-$A$51)+C$51 -> 299159.82 | D53: =(D$61-D$51)/(100)*($A53-$A$51)+D$51 -> 299714.07 | E53: =(E$61-E$51)/(100)*($A53-$A$51)+E$51 -> 404607.07 | F53: =(F$61-F$51)/(100)*($A53-$A$51)+F$51 -> 223919.53 | G53: =(G$61-G$51)/(100)*($A53-$A$51)+G$51 -> 454213
A54: 53 | B54: =(B$61-B$51)/(100)*($A54-$A$51)+B$51 -> 404953.48 | C54: =(C$61-C$51)/(100)*($A54-$A$51)+C$51 -> 299783.35 | D54: =(D$61-D$51)/(100)*($A54-$A$51)+D$51 -> 300614.74 | E54: =(E$61-E$51)/(100)*($A54-$A$51)+E$51 -> 405992.71 | F54: =(F$61-F$51)/(100)*($A54-$A$51)+F$51 -> 225028.04 | G54: =(G$61-G$51)/(100)*($A54-$A$51)+G$51 -> 456152.9
A55: 54 | B55: =(B$61-B$51)/(100)*($A55-$A$51)+B$51 -> 405992.71 | C55: =(C$61-C$51)/(100)*($A55-$A$51)+C$51 -> 300406.89 | D55: =(D$61-D$51)/(100)*($A55-$A$51)+D$51 -> 301515.4 | E55: =(E$61-E$51)/(100)*($A55-$A$51)+E$51 -> 407378.35 | F55: =(F$61-F$51)/(100)*($A55-$A$51)+F$51 -> 226136.55 | G55: =(G$61-G$51)/(100)*($A55-$A$51)+G$51 -> 458092.8
A56: 55 | B56: =(B$61-B$51)/(100)*($A56-$A$51)+B$51 -> 407031.94 | C56: =(C$61-C$51)/(100)*($A56-$A$51)+C$51 -> 301030.43 | D56: =(D$61-D$51)/(100)*($A56-$A$51)+D$51 -> 302416.07 | E56: =(E$61-E$51)/(100)*($A56-$A$51)+E$51 -> 408763.99 | F56: =(F$61-F$51)/(100)*($A56-$A$51)+F$51 -> 227245.07 | G56: =(G$61-G$51)/(100)*($A56-$A$51)+G$51 -> 460032.69
A57: 56 | B57: =(B$61-B$51)/(100)*($A57-$A$51)+B$51 -> 408071.17 | C57: =(C$61-C$51)/(100)*($A57-$A$51)+C$51 -> 301653.97 | D57: =(D$61-D$51)/(100)*($A57-$A$51)+D$51 -> 303316.74 | E57: =(E$61-E$51)/(100)*($A57-$A$51)+E$51 -> 410149.63 | F57: =(F$61-F$51)/(100)*($A57-$A$51)+F$51 -> 228353.58 | G57: =(G$61-G$51)/(100)*($A57-$A$51)+G$51 -> 461972.59
A58: 57 | B58: =(B$61-B$51)/(100)*($A58-$A$51)+B$51 -> 409110.4 | C58: =(C$61-C$51)/(100)*($A58-$A$51)+C$51 -> 302277.51 | D58: =(D$61-D$51)/(100)*($A58-$A$51)+D$51 -> 304217.4 | E58: =(E$61-E$51)/(100)*($A58-$A$51)+E$51 -> 411535.27 | F58: =(F$61-F$51)/(100)*($A58-$A$51)+F$51 -> 229462.09 | G58: =(G$61-G$51)/(100)*($A58-$A$51)+G$51 -> 463912.49
A59: 58 | B59: =(B$61-B$51)/(100)*($A59-$A$51)+B$51 -> 410149.63 | C59: =(C$61-C$51)/(100)*($A59-$A$51)+C$51 -> 302901.05 | D59: =(D$61-D$51)/(100)*($A59-$A$51)+D$51 -> 305118.07 | E59: =(E$61-E$51)/(100)*($A59-$A$51)+E$51 -> 412920.91 | F59: =(F$61-F$51)/(100)*($A59-$A$51)+F$51 -> 230570.6 | G59: =(G$61-G$51)/(100)*($A59-$A$51)+G$51 -> 465852.39
A60: 59 | B60: =(B$61-B$51)/(100)*($A60-$A$51)+B$51 -> 411188.86 | C60: =(C$61-C$51)/(100)*($A60-$A$51)+C$51 -> 303524.58 | D60: =(D$61-D$51)/(100)*($A60-$A$51)+D$51 -> 306018.74 | E60: =(E$61-E$51)/(100)*($A60-$A$51)+E$51 -> 414306.55 | F60: =(F$61-F$51)/(100)*($A60-$A$51)+F$51 -> 231679.12 | G60: =(G$61-G$51)/(100)*($A60-$A$51)+G$51 -> 467792.28
A61: 60 | B61: 505758.84 | C61: 360266.57 | D61: 387979.38 | E61: 540399.85 | F61: 332553.76 | G61: 644322.9
A62: 61 | B62: =(B$71-B$61)/(100)*($A62-$A$61)+B$61 -> 507213.76 | C62: =(C$71-C$61)/(100)*($A62-$A$61)+C$61 -> 361028.67 | D62: =(D$71-D$61)/(100)*($A62-$A$61)+D$61 -> 389157.18 | E62: =(E$71-E$61)/(100)*($A62-$A$61)+E$61 -> 541924.06 | F62: =(F$71-F$61)/(100)*($A62-$A$61)+F$61 -> 333592.99 | G62: =(G$71-G$61)/(100)*($A62-$A$61)+G$61 -> 645777.82
A63: 62 | B63: =(B$71-B$61)/(100)*($A63-$A$61)+B$61 -> 508668.68 | C63: =(C$71-C$61)/(100)*($A63-$A$61)+C$61 -> 361790.77 | D63: =(D$71-D$61)/(100)*($A63-$A$61)+D$61 -> 390334.97 | E63: =(E$71-E$61)/(100)*($A63-$A$61)+E$61 -> 543448.26 | F63: =(F$71-F$61)/(100)*($A63-$A$61)+F$61 -> 334632.22 | G63: =(G$71-G$61)/(100)*($A63-$A$61)+G$61 -> 647232.75
A64: 63 | B64: =(B$71-B$61)/(100)*($A64-$A$61)+B$61 -> 510123.6 | C64: =(C$71-C$61)/(100)*($A64-$A$61)+C$61 -> 362552.88 | D64: =(D$71-D$61)/(100)*($A64-$A$61)+D$61 -> 391512.76 | E64: =(E$71-E$61)/(100)*($A64-$A$61)+E$61 -> 544972.47 | F64: =(F$71-F$61)/(100)*($A64-$A$61)+F$61 -> 335671.45 | G64: =(G$71-G$61)/(100)*($A64-$A$61)+G$61 -> 648687.67
A65: 64 | B65: =(B$71-B$61)/(100)*($A65-$A$61)+B$61 -> 511578.53 | C65: =(C$71-C$61)/(100)*($A65-$A$61)+C$61 -> 363314.98 | D65: =(D$71-D$61)/(100)*($A65-$A$61)+D$61 -> 392690.56 | E65: =(E$71-E$61)/(100)*($A65-$A$61)+E$61 -> 546496.67 | F65: =(F$71-F$61)/(100)*($A65-$A$61)+F$61 -> 336710.68 | G65: =(G$71-G$61)/(100)*($A65-$A$61)+G$61 -> 650142.59
A66: 65 | B66: =(B$71-B$61)/(100)*($A66-$A$61)+B$61 -> 513033.45 | C66: =(C$71-C$61)/(100)*($A66-$A$61)+C$61 -> 364077.08 | D66: =(D$71-D$61)/(100)*($A66-$A$61)+D$61 -> 393868.35 | E66: =(E$71-E$61)/(100)*($A66-$A$61)+E$61 -> 548020.88 | F66: =(F$71-F$61)/(100)*($A66-$A$61)+F$61 -> 337749.91 | G66: =(G$71-G$61)/(100)*($A66-$A$61)+G$61 -> 651597.51
A67: 66 | B67: =(B$71-B$61)/(100)*($A67-$A$61)+B$61 -> 514488.37 | C67: =(C$71-C$61)/(100)*($A67-$A$61)+C$61 -> 364839.18 | D67: =(D$71-D$61)/(100)*($A67-$A$61)+D$61 -> 395046.15 | E67: =(E$71-E$61)/(100)*($A67-$A$61)+E$61 -> 549545.08 | F67: =(F$71-F$61)/(100)*($A67-$A$61)+F$61 -> 338789.14 | G67: =(G$71-G$61)/(100)*($A67-$A$61)+G$61 -> 653052.44
A68: 67 | B68: =(B$71-B$61)/(100)*($A68-$A$61)+B$61 -> 515943.29 | C68: =(C$71-C$61)/(100)*($A68-$A$61)+C$61 -> 365601.28 | D68: =(D$71-D$61)/(100)*($A68-$A$61)+D$61 -> 396223.94 | E68: =(E$71-E$61)/(100)*($A68-$A$61)+E$61 -> 551069.28 | F68: =(F$71-F$61)/(100)*($A68-$A$61)+F$61 -> 339828.37 | G68: =(G$71-G$61)/(100)*($A68-$A$61)+G$61 -> 654507.36
A69: 68 | B69: =(B$71-B$61)/(100)*($A69-$A$61)+B$61 -> 517398.22 | C69: =(C$71-C$61)/(100)*($A69-$A$61)+C$61 -> 366363.39 | D69: =(D$71-D$61)/(100)*($A69-$A$61)+D$61 -> 397401.74 | E69: =(E$71-E$61)/(100)*($A69-$A$61)+E$61 -> 552593.49 | F69: =(F$71-F$61)/(100)*($A69-$A$61)+F$61 -> 340867.6 | G69: =(G$71-G$61)/(100)*($A69-$A$61)+G$61 -> 655962.28
A70: 69 | B70: =(B$71-B$61)/(100)*($A70-$A$61)+B$61 -> 518853.14 | C70: =(C$71-C$61)/(100)*($A70-$A$61)+C$61 -> 367125.49 | D70: =(D$71-D$61)/(100)*($A70-$A$61)+D$61 -> 398579.53 | E70: =(E$71-E$61)/(100)*($A70-$A$61)+E$61 -> 554117.69 | F70: =(F$71-F$61)/(100)*($A70-$A$61)+F$61 -> 341906.83 | G70: =(G$71-G$61)/(100)*($A70-$A$61)+G$61 -> 657417.2
A71: 70 | B71: 651251.1 | C71: 436476.8 | D71: 505758.84 | E71: 692820.32 | F71: 436476.8 | G71: 789815.17
A72: 71 | B72: =(B$81-B$71)/(100)*($A72-$A$71)+B$71 -> 652913.87 | C72: =(C$81-C$71)/(100)*($A72-$A$71)+C$71 -> 438001.01 | D72: =(D$81-D$71)/(100)*($A72-$A$71)+D$71 -> 506798.07 | E72: =(E$81-E$71)/(100)*($A72-$A$71)+E$71 -> 694067.4 | F72: =(F$81-F$71)/(100)*($A72-$A$71)+F$71 -> 438070.29 | G72: =(G$81-G$71)/(100)*($A72-$A$71)+G$71 -> 791616.5
A73: 72 | B73: =(B$81-B$71)/(100)*($A73-$A$71)+B$71 -> 654576.64 | C73: =(C$81-C$71)/(100)*($A73-$A$71)+C$71 -> 439525.21 | D73: =(D$81-D$71)/(100)*($A73-$A$71)+D$71 -> 507837.3 | E73: =(E$81-E$71)/(100)*($A73-$A$71)+E$71 -> 695314.48 | F73: =(F$81-F$71)/(100)*($A73-$A$71)+F$71 -> 439663.78 | G73: =(G$81-G$71)/(100)*($A73-$A$71)+G$71 -> 793417.83
A74: 73 | B74: =(B$81-B$71)/(100)*($A74-$A$71)+B$71 -> 656239.41 | C74: =(C$81-C$71)/(100)*($A74-$A$71)+C$71 -> 441049.42 | D74: =(D$81-D$71)/(100)*($A74-$A$71)+D$71 -> 508876.53 | E74: =(E$81-E$71)/(100)*($A74-$A$71)+E$71 -> 696561.55 | F74: =(F$81-F$71)/(100)*($A74-$A$71)+F$71 -> 441257.26 | G74: =(G$81-G$71)/(100)*($A74-$A$71)+G$71 -> 795219.17
A75: 74 | B75: =(B$81-B$71)/(100)*($A75-$A$71)+B$71 -> 657902.18 | C75: =(C$81-C$71)/(100)*($A75-$A$71)+C$71 -> 442573.62 | D75: =(D$81-D$71)/(100)*($A75-$A$71)+D$71 -> 509915.76 | E75: =(E$81-E$71)/(100)*($A75-$A$71)+E$71 -> 697808.63 | F75: =(F$81-F$71)/(100)*($A75-$A$71)+F$71 -> 442850.75 | G75: =(G$81-G$71)/(100)*($A75-$A$71)+G$71 -> 797020.5
A76: 75 | B76: =(B$81-B$71)/(100)*($A76-$A$71)+B$71 -> 659564.95 | C76: =(C$81-C$71)/(100)*($A76-$A$71)+C$71 -> 444097.83 | D76: =(D$81-D$71)/(100)*($A76-$A$71)+D$71 -> 510954.99 | E76: =(E$81-E$71)/(100)*($A76-$A$71)+E$71 -> 699055.71 | F76: =(F$81-F$71)/(100)*($A76-$A$71)+F$71 -> 444444.24 | G76: =(G$81-G$71)/(100)*($A76-$A$71)+G$71 -> 798821.83
A77: 76 | B77: =(B$81-B$71)/(100)*($A77-$A$71)+B$71 -> 661227.72 | C77: =(C$81-C$71)/(100)*($A77-$A$71)+C$71 -> 445622.03 | D77: =(D$81-D$71)/(100)*($A77-$A$71)+D$71 -> 511994.22 | E77: =(E$81-E$71)/(100)*($A77-$A$71)+E$71 -> 700302.78 | F77: =(F$81-F$71)/(100)*($A77-$A$71)+F$71 -> 446037.72 | G77: =(G$81-G$71)/(100)*($A77-$A$71)+G$71 -> 800623.17
A78: 77 | B78: =(B$81-B$71)/(100)*($A78-$A$71)+B$71 -> 662890.49 | C78: =(C$81-C$71)/(100)*($A78-$A$71)+C$71 -> 447146.24 | D78: =(D$81-D$71)/(100)*($A78-$A$71)+D$71 -> 513033.45 | E78: =(E$81-E$71)/(100)*($A78-$A$71)+E$71 -> 701549.86 | F78: =(F$81-F$71)/(100)*($A78-$A$71)+F$71 -> 447631.21 | G78: =(G$81-G$71)/(100)*($A78-$A$71)+G$71 -> 802424.5
A79: 78 | B79: =(B$81-B$71)/(100)*($A79-$A$71)+B$71 -> 664553.25 | C79: =(C$81-C$71)/(100)*($A79-$A$71)+C$71 -> 448670.44 | D79: =(D$81-D$71)/(100)*($A79-$A$71)+D$71 -> 514072.68 | E79: =(E$81-E$71)/(100)*($A79-$A$71)+E$71 -> 702796.94 | F79: =(F$81-F$71)/(100)*($A79-$A$71)+F$71 -> 449224.7 | G79: =(G$81-G$71)/(100)*($A79-$A$71)+G$71 -> 804225.83
A80: 79 | B80: =(B$81-B$71)/(100)*($A80-$A$71)+B$71 -> 666216.02 | C80: =(C$81-C$71)/(100)*($A80-$A$71)+C$71 -> 450194.65 | D80: =(D$81-D$71)/(100)*($A80-$A$71)+D$71 -> 515111.91 | E80: =(E$81-E$71)/(100)*($A80-$A$71)+E$71 -> 704044.01 | F80: =(F$81-F$71)/(100)*($A80-$A$71)+F$71 -> 450818.18 | G80: =(G$81-G$71)/(100)*($A80-$A$71)+G$71 -> 806027.16
A81: 80 | B81: 817527.98 | C81: 588897.27 | D81: 609681.88 | E81: 817527.98 | F81: 595825.48 | G81: 969948.45
A82: 81 | B82: =(B$91-B$81)/(100)*($A82-$A$81)+B$81 -> 819398.6 | C82: =(C$91-C$81)/(100)*($A82-$A$81)+C$81 -> 590075.07 | D82: =(D$91-D$81)/(100)*($A82-$A$81)+D$81 -> 611206.09 | E82: =(E$91-E$81)/(100)*($A82-$A$81)+E$81 -> 818705.78 | F82: =(F$91-F$81)/(100)*($A82-$A$81)+F$81 -> 596379.73 | G82: =(G$91-G$81)/(100)*($A82-$A$81)+G$81 -> 971541.94
A83: 82 | B83: =(B$91-B$81)/(100)*($A83-$A$81)+B$81 -> 821269.21 | C83: =(C$91-C$81)/(100)*($A83-$A$81)+C$81 -> 591252.86 | D83: =(D$91-D$81)/(100)*($A83-$A$81)+D$81 -> 612730.29 | E83: =(E$91-E$81)/(100)*($A83-$A$81)+E$81 -> 819883.57 | F83: =(F$91-F$81)/(100)*($A83-$A$81)+F$81 -> 596933.99 | G83: =(G$91-G$81)/(100)*($A83-$A$81)+G$81 -> 973135.43
A84: 83 | B84: =(B$91-B$81)/(100)*($A84-$A$81)+B$81 -> 823139.83 | C84: =(C$91-C$81)/(100)*($A84-$A$81)+C$81 -> 592430.66 | D84: =(D$91-D$81)/(100)*($A84-$A$81)+D$81 -> 614254.5 | E84: =(E$91-E$81)/(100)*($A84-$A$81)+E$81 -> 821061.36 | F84: =(F$91-F$81)/(100)*($A84-$A$81)+F$81 -> 597488.25 | G84: =(G$91-G$81)/(100)*($A84-$A$81)+G$81 -> 974728.91
A85: 84 | B85: =(B$91-B$81)/(100)*($A85-$A$81)+B$81 -> 825010.44 | C85: =(C$91-C$81)/(100)*($A85-$A$81)+C$81 -> 593608.45 | D85: =(D$91-D$81)/(100)*($A85-$A$81)+D$81 -> 615778.7 | E85: =(E$91-E$81)/(100)*($A85-$A$81)+E$81 -> 822239.16 | F85: =(F$91-F$81)/(100)*($A85-$A$81)+F$81 -> 598042.5 | G85: =(G$91-G$81)/(100)*($A85-$A$81)+G$81 -> 976322.4
A86: 85 | B86: =(B$91-B$81)/(100)*($A86-$A$81)+B$81 -> 826881.06 | C86: =(C$91-C$81)/(100)*($A86-$A$81)+C$81 -> 594786.25 | D86: =(D$91-D$81)/(100)*($A86-$A$81)+D$81 -> 617302.91 | E86: =(E$91-E$81)/(100)*($A86-$A$81)+E$81 -> 823416.95 | F86: =(F$91-F$81)/(100)*($A86-$A$81)+F$81 -> 598596.76 | G86: =(G$91-G$81)/(100)*($A86-$A$81)+G$81 -> 977915.89
A87: 86 | B87: =(B$91-B$81)/(100)*($A87-$A$81)+B$81 -> 828751.67 | C87: =(C$91-C$81)/(100)*($A87-$A$81)+C$81 -> 595964.04 | D87: =(D$91-D$81)/(100)*($A87-$A$81)+D$81 -> 618827.11 | E87: =(E$91-E$81)/(100)*($A87-$A$81)+E$81 -> 824594.75 | F87: =(F$91-F$81)/(100)*($A87-$A$81)+F$81 -> 599151.02 | G87: =(G$91-G$81)/(100)*($A87-$A$81)+G$81 -> 979509.37
A88: 87 | B88: =(B$91-B$81)/(100)*($A88-$A$81)+B$81 -> 830622.29 | C88: =(C$91-C$81)/(100)*($A88-$A$81)+C$81 -> 597141.84 | D88: =(D$91-D$81)/(100)*($A88-$A$81)+D$81 -> 620351.32 | E88: =(E$91-E$81)/(100)*($A88-$A$81)+E$81 -> 825772.54 | F88: =(F$91-F$81)/(100)*($A88-$A$81)+F$81 -> 599705.27 | G88: =(G$91-G$81)/(100)*($A88-$A$81)+G$81 -> 981102.86
A89: 88 | B89: =(B$91-B$81)/(100)*($A89-$A$81)+B$81 -> 832492.9 | C89: =(C$91-C$81)/(100)*($A89-$A$81)+C$81 -> 598319.63 | D89: =(D$91-D$81)/(100)*($A89-$A$81)+D$81 -> 621875.52 | E89: =(E$91-E$81)/(100)*($A89-$A$81)+E$81 -> 826950.34 | F89: =(F$91-F$81)/(100)*($A89-$A$81)+F$81 -> 600259.53 | G89: =(G$91-G$81)/(100)*($A89-$A$81)+G$81 -> 982696.35
A90: 89 | B90: =(B$91-B$81)/(100)*($A90-$A$81)+B$81 -> 834363.52 | C90: =(C$91-C$81)/(100)*($A90-$A$81)+C$81 -> 599497.43 | D90: =(D$91-D$81)/(100)*($A90-$A$81)+D$81 -> 623399.73 | E90: =(E$91-E$81)/(100)*($A90-$A$81)+E$81 -> 828128.13 | F90: =(F$91-F$81)/(100)*($A90-$A$81)+F$81 -> 600813.78 | G90: =(G$91-G$81)/(100)*($A90-$A$81)+G$81 -> 984289.83
A91: 90 | B91: 1004589.5 | C91: 706676.73 | D91: 762102.36 | E91: 935307.44 | F91: 651251.1 | G91: 1129297.1
A92: 91 | B92: =(B$101-B$91)/(100)*($A92-$A$91)+B$91 -> 1006252.2 | C92: =(C$101-C$91)/(100)*($A92-$A$91)+C$91 -> 708616.63 | D92: =(D$101-D$91)/(100)*($A92-$A$91)+D$91 -> 763349.43 | E92: =(E$101-E$91)/(100)*($A92-$A$91)+E$91 -> 937039.49 | F92: =(F$101-F$91)/(100)*($A92-$A$91)+F$91 -> 652844.59 | G92: =(G$101-G$91)/(100)*($A92-$A$91)+G$91 -> 1130890.6
A93: 92 | B93: =(B$101-B$91)/(100)*($A93-$A$91)+B$91 -> 1007915 | C93: =(C$101-C$91)/(100)*($A93-$A$91)+C$91 -> 710556.52 | D93: =(D$101-D$91)/(100)*($A93-$A$91)+D$91 -> 764596.51 | E93: =(E$101-E$91)/(100)*($A93-$A$91)+E$91 -> 938771.54 | F93: =(F$101-F$91)/(100)*($A93-$A$91)+F$91 -> 654438.08 | G93: =(G$101-G$91)/(100)*($A93-$A$91)+G$91 -> 1132484.1
A94: 93 | B94: =(B$101-B$91)/(100)*($A94-$A$91)+B$91 -> 1009577.8 | C94: =(C$101-C$91)/(100)*($A94-$A$91)+C$91 -> 712496.42 | D94: =(D$101-D$91)/(100)*($A94-$A$91)+D$91 -> 765843.59 | E94: =(E$101-E$91)/(100)*($A94-$A$91)+E$91 -> 940503.59 | F94: =(F$101-F$91)/(100)*($A94-$A$91)+F$91 -> 656031.56 | G94: =(G$101-G$91)/(100)*($A94-$A$91)+G$91 -> 1134077.6
A95: 94 | B95: =(B$101-B$91)/(100)*($A95-$A$91)+B$91 -> 1011240.5 | C95: =(C$101-C$91)/(100)*($A95-$A$91)+C$91 -> 714436.32 | D95: =(D$101-D$91)/(100)*($A95-$A$91)+D$91 -> 767090.66 | E95: =(E$101-E$91)/(100)*($A95-$A$91)+E$91 -> 942235.64 | F95: =(F$101-F$91)/(100)*($A95-$A$91)+F$91 -> 657625.05 | G95: =(G$101-G$91)/(100)*($A95-$A$91)+G$91 -> 1135671.1
A96: 95 | B96: =(B$101-B$91)/(100)*($A96-$A$91)+B$91 -> 1012903.3 | C96: =(C$101-C$91)/(100)*($A96-$A$91)+C$91 -> 716376.21 | D96: =(D$101-D$91)/(100)*($A96-$A$91)+D$91 -> 768337.74 | E96: =(E$101-E$91)/(100)*($A96-$A$91)+E$91 -> 943967.69 | F96: =(F$101-F$91)/(100)*($A96-$A$91)+F$91 -> 659218.54 | G96: =(G$101-G$91)/(100)*($A96-$A$91)+G$91 -> 1137264.6
A97: 96 | B97: =(B$101-B$91)/(100)*($A97-$A$91)+B$91 -> 1014566.1 | C97: =(C$101-C$91)/(100)*($A97-$A$91)+C$91 -> 718316.11 | D97: =(D$101-D$91)/(100)*($A97-$A$91)+D$91 -> 769584.81 | E97: =(E$101-E$91)/(100)*($A97-$A$91)+E$91 -> 945699.74 | F97: =(F$101-F$91)/(100)*($A97-$A$91)+F$91 -> 660812.02 | G97: =(G$101-G$91)/(100)*($A97-$A$91)+G$91 -> 1138858
A98: 97 | B98: =(B$101-B$91)/(100)*($A98-$A$91)+B$91 -> 1016228.8 | C98: =(C$101-C$91)/(100)*($A98-$A$91)+C$91 -> 720256.01 | D98: =(D$101-D$91)/(100)*($A98-$A$91)+D$91 -> 770831.89 | E98: =(E$101-E$91)/(100)*($A98-$A$91)+E$91 -> 947431.79 | F98: =(F$101-F$91)/(100)*($A98-$A$91)+F$91 -> 662405.51 | G98: =(G$101-G$91)/(100)*($A98-$A$91)+G$91 -> 1140451.5
A99: 98 | B99: =(B$101-B$91)/(100)*($A99-$A$91)+B$91 -> 1017891.6 | C99: =(C$101-C$91)/(100)*($A99-$A$91)+C$91 -> 722195.9 | D99: =(D$101-D$91)/(100)*($A99-$A$91)+D$91 -> 772078.97 | E99: =(E$101-E$91)/(100)*($A99-$A$91)+E$91 -> 949163.84 | F99: =(F$101-F$91)/(100)*($A99-$A$91)+F$91 -> 663999 | G99: =(G$101-G$91)/(100)*($A99-$A$91)+G$91 -> 1142045
A100: 99 | B100: =(B$101-B$91)/(100)*($A100-$A$91)+B$91 -> 1019554.4 | C100: =(C$101-C$91)/(100)*($A100-$A$91)+C$91 -> 724135.8 | D100: =(D$101-D$91)/(100)*($A100-$A$91)+D$91 -> 773326.04 | E100: =(E$101-E$91)/(100)*($A100-$A$91)+E$91 -> 950895.89 | F100: =(F$101-F$91)/(100)*($A100-$A$91)+F$91 -> 665592.48 | G100: =(G$101-G$91)/(100)*($A100-$A$91)+G$91 -> 1143638.5
...

Sheet max_burned_area
B1: 1 | C1: 2 | D1: 3 | E1: 4 | F1: 5 | G1: 6
A2: max | B2: 5272362.7 | C2: 5272362.7 | D2: 5272362.7 | E2: 5272362.7 | F2: 5272362.7 | G2: 5272362.7

Sheet ignition_water
B1: 1 | C1: 2 | D1: 3 | E1: 4 | F1: 5 | G1: 6
A2: 1 | B2: =2*PI()*SQRT(burned_area!B2/PI())*5 -> 3903.321 | C2: =2*PI()*SQRT(burned_area!C2/PI())*5 -> 1475.3167 | D2: =2*PI()*SQRT(burned_area!D2/PI())*5 -> 3298.9083 | E2: =2*PI()*SQRT(burned_area!E2/PI())*5 -> 1475.3167 | F2: =2*PI()*SQRT(burned_area!F2/PI())*5 -> 1475.3167 | G2: =2*PI()*SQRT(burned_area!G2/PI())*5 -> 3903.321
A3: 2 | B3: =2*PI()*SQRT(burned_area!B3/PI())*5 -> 3958.69 | C3: =2*PI()*SQRT(burned_area!C3/PI())*5 -> 1489.9968 | D3: =2*PI()*SQRT(burned_area!D3/PI())*5 -> 3325.1949 | E3: =2*PI()*SQRT(burned_area!E3/PI())*5 -> 1561.3284 | F3: =2*PI()*SQRT(burned_area!F3/PI())*5 -> 1475.3167 | G3: =2*PI()*SQRT(burned_area!G3/PI())*5 -> 3953.188
A4: 3 | B4: =2*PI()*SQRT(burned_area!B4/PI())*5 -> 3986.0861 | C4: =2*PI()*SQRT(burned_area!C4/PI())*5 -> 1497.2829 | D4: =2*PI()*SQRT(burned_area!D4/PI())*5 -> 3338.2605 | E4: =2*PI()*SQRT(burned_area!E4/PI())*5 -> 1602.6041 | F4: =2*PI()*SQRT(burned_area!F4/PI())*5 -> 1475.3167 | G4: =2*PI()*SQRT(burned_area!G4/PI())*5 -> 3977.8871
A5: 4 | B5: =2*PI()*SQRT(burned_area!B5/PI())*5 -> 4013.2952 | C5: =2*PI()*SQRT(burned_area!C5/PI())*5 -> 1504.5337 | D5: =2*PI()*SQRT(burned_area!D5/PI())*5 -> 3351.2752 | E5: =2*PI()*SQRT(burned_area!E5/PI())*5 -> 1642.8431 | F5: =2*PI()*SQRT(burned_area!F5/PI())*5 -> 1475.3167 | G5: =2*PI()*SQRT(burned_area!G5/PI())*5 -> 4002.4338
A6: 5 | B6: =2*PI()*SQRT(burned_area!B6/PI())*5 -> 4040.3211 | C6: =2*PI()*SQRT(burned_area!C6/PI())*5 -> 1511.7497 | D6: =2*PI()*SQRT(burned_area!D6/PI())*5 -> 3364.2396 | E6: =2*PI()*SQRT(burned_area!E6/PI())*5 -> 1682.1198 | F6: =2*PI()*SQRT(burned_area!F6/PI())*5 -> 1475.3167 | G6: =2*PI()*SQRT(burned_area!G6/PI())*5 -> 4026.8308
A7: 6 | B7: =2*PI()*SQRT(burned_area!B7/PI())*5 -> 4067.1673 | C7: =2*PI()*SQRT(burned_area!C7/PI())*5 -> 1518.9315 | D7: =2*PI()*SQRT(burned_area!D7/PI())*5 -> 3377.1542 | E7: =2*PI()*SQRT(burned_area!E7/PI())*5 -> 1720.5001 | F7: =2*PI()*SQRT(burned_area!F7/PI())*5 -> 1475.3167 | G7: =2*PI()*SQRT(burned_area!G7/PI())*5 -> 4051.0809
A8: 7 | B8: =2*PI()*SQRT(burned_area!B8/PI())*5 -> 4093.8376 | C8: =2*PI()*SQRT(burned_area!C8/PI())*5 -> 1526.0794 | D8: =2*PI()*SQRT(burned_area!D8/PI())*5 -> 3390.0196 | E8: =2*PI()*SQRT(burned_area!E8/PI())*5 -> 1758.0427 | F8: =2*PI()*SQRT(burned_area!F8/PI())*5 -> 1475.3167 | G8: =2*PI()*SQRT(burned_area!G8/PI())*5 -> 4075.1867
A9: 8 | B9: =2*PI()*SQRT(burned_area!B9/PI())*5 -> 4120.3352 | C9: =2*PI()*SQRT(burned_area!C9/PI())*5 -> 1533.194 | D9: =2*PI()*SQRT(burned_area!D9/PI())*5 -> 3402.8363 | E9: =2*PI()*SQRT(burned_area!E9/PI())*5 -> 1794.8002 | F9: =2*PI()*SQRT(burned_area!F9/PI())*5 -> 1475.3167 | G9: =2*PI()*SQRT(burned_area!G9/PI())*5 -> 4099.1508
A10: 9 | B10: =2*PI()*SQRT(burned_area!B10/PI())*5 -> 4146.6635 | C10: =2*PI()*SQRT(burned_area!C10/PI())*5 -> 1540.2758 | D10: =2*PI()*SQRT(burned_area!D10/PI())*5 -> 3415.605 | E10: =2*PI()*SQRT(burned_area!E10/PI())*5 -> 1830.8198 | F10: =2*PI()*SQRT(burned_area!F10/PI())*5 -> 1475.3167 | G10: =2*PI()*SQRT(burned_area!G10/PI())*5 -> 4122.9756
A11: 10 | B11: =2*PI()*SQRT(burned_area!B11/PI())*5 -> 6082.8864 | C11: =2*PI()*SQRT(burned_area!C11/PI())*5 -> 2086.4128 | D11: =2*PI()*SQRT(burned_area!D11/PI())*5 -> 4425.95 | E11: =2*PI()*SQRT(burned_area!E11/PI())*5 -> 3903.321 | F11: =2*PI()*SQRT(burned_area!F11/PI())*5 -> 1475.3167 | G11: =2*PI()*SQRT(burned_area!G11/PI())*5 -> 5901.2666
A12: 11 | B12: =2*PI()*SQRT(burned_area!B12/PI())*5 -> 6102.5346 | C12: =2*PI()*SQRT(burned_area!C12/PI())*5 -> 2112.332 | D12: =2*PI()*SQRT(burned_area!D12/PI())*5 -> 4440.6786 | E12: =2*PI()*SQRT(burned_area!E12/PI())*5 -> 3928.3336 | F12: =2*PI()*SQRT(burned_area!F12/PI())*5 -> 1489.9968 | G12: =2*PI()*SQRT(burned_area!G12/PI())*5 -> 5917.8407
A13: 12 | B13: =2*PI()*SQRT(burned_area!B13/PI())*5 -> 6122.1197 | C13: =2*PI()*SQRT(burned_area!C13/PI())*5 -> 2137.9369 | D13: =2*PI()*SQRT(burned_area!D13/PI())*5 -> 4455.3586 | E13: =2*PI()*SQRT(burned_area!E13/PI())*5 -> 3953.188 | F13: =2*PI()*SQRT(burned_area!F13/PI())*5 -> 1504.5337 | G13: =2*PI()*SQRT(burned_area!G13/PI())*5 -> 5934.3684
... A521: 520 | B521: =2*PI()*SQRT(burned_area!B521/PI())*5 -> 40698.422 | C521: =2*PI()*SQRT(burned_area!C521/PI())*5 -> 40698.422 | D521: =2*PI()*SQRT(burned_area!D521/PI())*5 -> 40698.422 | E521: =2*PI()*SQRT(burned_area!E521/PI())*5 -> 40698.422 | F521: =2*PI()*SQRT(burned_area!F521/PI())*5 -> 40698.422 | G521: =2*PI()*SQRT(burned_area!G521/PI())*5 -> 40698.422

Sheet resources_capacity
A1: Resource | B1: Capacity | C1: Base
A2: R1 | B2: 3000 | C2: Associação Humanitária de Bombeiros Voluntários de Póvoa de Lanhoso
A3: R2 | B3: 3500 | C3: Associação Humanitária de Bombeiros Voluntários de Póvoa de Lanhoso
A4: R3 | B4: 4000 | C4: Associação Humanitária de Bombeiros Voluntários de Póvoa de Lanhoso
A5: R4 | B5: 500 | C5: Associação Humanitária de Bombeiros Voluntários de Póvoa de Lanhoso
A6: R5 | B6: 600 | C6: Associação Humanitária de Bombeiros Voluntários de Póvoa de Lanhoso
