Workbook

Sheet travel_time
B1: 0 | C1: 1 | D1: 2 | E1: 3 | F1: 4 | G1: 5 | H1: 6
A2: 0 | B2: 0 | C2: 130 | D2: 340 | E2: 200 | F2: 150 | G2: 200 | H2: 130
A3: 1 | B3: 130 | C3: 0 | D3: 290 | E3: 320 | F3: 220 | G3: 270 | H3: 220
A4: 2 | B4: 340 | C4: 290 | D4: 0 | E4: 460 | F4: 220 | G4: 200 | H4: 320
A5: 3 | B5: 200 | C5: 320 | D5: 460 | E5: 0 | F5: 250 | G5: 290 | H5: 150
A6: 4 | B6: 150 | C6: 220 | D6: 220 | E6: 250 | F6: 0 | G6: 50 | H6: 100
A7: 5 | B7: 200 | C7: 270 | D7: 200 | E7: 290 | F7: 50 | G7: 0 | H7: 150
A8: 6 | B8: 130 | C8: 220 | D8: 320 | E8: 150 | F8: 100 | G8: 150 | H8: 0

Sheet travel_time_cálculo
B1: 0 | C1: 1 | D1: 2 | E1: 3 | F1: 4 | G1: 5 | H1: 6
A2: 0 | B2: =_xlfn.CEILING.MATH((B17*24)*10,10) -> 0 | C2: =_xlfn.CEILING.MATH((C17*24)*10,10) -> 130 | D2: =_xlfn.CEILING.MATH((D17*24)*10,10) -> 340 | E2: =_xlfn.CEILING.MATH((E17*24)*10,10) -> 200 | F2: =_xlfn.CEILING.MATH((F17*24)*10,10) -> 150 | G2: =_xlfn.CEILING.MATH((G17*24)*10,10) -> 200 | H2: =_xlfn.CEILING.MATH((H17*24)*10,10) -> 130
A3: 1 | B3: =_xlfn.CEILING.MATH((B18*24)*10,10) -> 130 | C3: =_xlfn.CEILING.MATH((C18*24)*10,10) -> 0 | D3: =_xlfn.CEILING.MATH((D18*24)*10,10) -> 290 | E3: =_xlfn.CEILING.MATH((E18*24)*10,10) -> 320 | F3: =_xlfn.CEILING.MATH((F18*24)*10,10) -> 220 | G3: =_xlfn.CEILING.MATH((G18*24)*10,10) -> 270 | H3: =_xlfn.CEILING.MATH((H18*24)*10,10) -> 220
A4: 2 | B4: =_xlfn.CEILING.MATH((B19*24)*10,10) -> 340 | C4: =_xlfn.CEILING.MATH((C19*24)*10,10) -> 290 | D4: =_xlfn.CEILING.MATH((D19*24)*10,10) -> 0 | E4: =_xlfn.CEILING.MATH((E19*24)*10,10) -> 460 | F4: =_xlfn.CEILING.MATH((F19*24)*10,10) -> 220 | G4: =_xlfn.CEILING.MATH((G19*24)*10,10) -> 200 | H4: =_xlfn.CEILING.MATH((H19*24)*10,10) -> 320
A5: 3 | B5: =_xlfn.CEILING.MATH((B20*24)*10,10) -> 200 | C5: =_xlfn.CEILING.MATH((C20*24)*10,10) -> 320 | D5: =_xlfn.CEILING.MATH((D20*24)*10,10) -> 460 | E5: =_xlfn.CEILING.MATH((E20*24)*10,10) -> 0 | F5: =_xlfn.CEILING.MATH((F20*24)*10,10) -> 250 | G5: =_xlfn.CEILING.MATH((G20*24)*10,10) -> 290 | H5: =_xlfn.CEILING.MATH((H20*24)*10,10) -> 150
A6: 4 | B6: =_xlfn.CEILING.MATH((B21*24)*10,10) -> 150 | C6: =_xlfn.CEILING.MATH((C21*24)*10,10) -> 220 | D6: =_xlfn.CEILING.MATH((D21*24)*10,10) -> 220 | E6: =_xlfn.CEILING.MATH((E21*24)*10,10) -> 250 | F6: =_xlfn.CEILING.MATH((F21*24)*10,10) -> 0 | G6: =_xlfn.CEILING.MATH((G21*24)*10,10) -> 50 | H6: =_xlfn.CEILING.MATH((H21*24)*10,10) -> 100
A7: 5 | B7: =_xlfn.CEILING.MATH((B22*24)*10,10) -> 200 | C7: =_xlfn.CEILING.MATH((C22*24)*10,10) -> 270 | D7: =_xlfn.CEILING.MATH((D22*24)*10,10) -> 200 | E7: =_xlfn.CEILING.MATH((E22*24)*10,10) -> 290 | F7: =_xlfn.CEILING.MATH((F22*24)*10,10) -> 50 | G7: =_xlfn.CEILING.MATH((G22*24)*10,10) -> 0 | H7: =_xlfn.CEILING.MATH((H22*24)*10,10) -> 150
A8: 6 | B8: =_xlfn.CEILING.MATH((B23*24)*10,10) -> 130 | C8: =_xlfn.CEILING.MATH((C23*24)*10,10) -> 220 | D8: =_xlfn.CEILING.MATH((D23*24)*10,10) -> 320 | E8: =_xlfn.CEILING.MATH((E23*24)*10,10) -> 150 | F8: =_xlfn.CEILING.MATH((F23*24)*10,10) -> 100 | G8: =_xlfn.CEILING.MATH((G23*24)*10,10) -> 150 | H8: =_xlfn.CEILING.MATH((H23*24)*10,10) -> 0
B16: 0 | C16: 4 | D16: 6 | E16: 7 | F16: 8 | G16: 9 | H16: 10
A17: 0 | B17: 0 | C17: 12:1 | D17: 33:38 | E17: 19:14 | F17: 14:25 | G17: 19:15 | H17: 12:2
A18: 4 | B18: 12:1 | C18: 0:0 | D18: 28:51 | E18: 31:15 | F18: 21:38 | G18: 26:27 | H18: 21:40
A19: 6 | B19: 33:38 | C19: 28:51 | D19: 0:0 | E19: 45:40 | F19: 21:38 | G19: 19:16 | H19: 31:15
A20: 7 | B20: 19:14 | C20: 31:15 | D20: 45:40 | E20: 0:0 | F20: 24:3 | G20: 28:53 | H20: 14:25
A21: 8 | B21: 14:25 | C21: 21:38 | D21: 21:38 | E21: 24:3 | F21: 0:0 | G21: 4:51 | H21: 9:38
A22: 9 | B22: 19:15 | C22: 26:27 | D22: 19:16 | E22: 28:53 | F22: 4:51 | G22: 0:0 | H22: 14:28
A23: 10 | B23: 12:2 | C23: 21:40 | D23: 31:15 | E23: 14:25 | F23: 9:38 | G23: 14:28 | H23: 0:0

Sheet burned_area_13
B1: 1 | C1: 2 | D1: 3 | E1: 4 | F1: 5 | G1: 6
A2: 10 | B2: 48497.423 | C2: 41569.219 | D2: 34641.016 | E2: 6928.2032 | F2: 6928.2032 | G2: 48497.423
A3: 20 | B3: =(B$11-B$2)/(100)*$A3+B$2 -> 62353.829 | C3: =(C$11-C$2)/(100)*$A3+C$2 -> 49883.063 | D3: =(D$11-D$2)/(100)*$A3+D$2 -> 40183.579 | E3: =(E$11-E$2)/(100)*$A3+E$2 -> 15242.047 | F3: =(F$11-F$2)/(100)*$A3+F$2 -> 6928.2032 | G3: =(G$11-G$2)/(100)*$A3+G$2 -> 60968.188
A4: 30 | B4: =(B$11-B$2)/(100)*$A4+B$2 -> 69282.032 | C4: =(C$11-C$2)/(100)*$A4+C$2 -> 54039.985 | D4: =(D$11-D$2)/(100)*$A4+D$2 -> 42954.86 | E4: =(E$11-E$2)/(100)*$A4+E$2 -> 19398.969 | F4: =(F$11-F$2)/(100)*$A4+F$2 -> 6928.2032 | G4: =(G$11-G$2)/(100)*$A4+G$2 -> 67203.571
A5: 40 | B5: =(B$11-B$2)/(100)*$A5+B$2 -> 76210.236 | C5: =(C$11-C$2)/(100)*$A5+C$2 -> 58196.907 | D5: =(D$11-D$2)/(100)*$A5+D$2 -> 45726.141 | E5: =(E$11-E$2)/(100)*$A5+E$2 -> 23555.891 | F5: =(F$11-F$2)/(100)*$A5+F$2 -> 6928.2032 | G5: =(G$11-G$2)/(100)*$A5+G$2 -> 73438.954
A6: 50 | B6: =(B$11-B$2)/(100)*$A6+B$2 -> 83138.439 | C6: =(C$11-C$2)/(100)*$A6+C$2 -> 62353.829 | D6: =(D$11-D$2)/(100)*$A6+D$2 -> 48497.423 | E6: =(E$11-E$2)/(100)*$A6+E$2 -> 27712.813 | F6: =(F$11-F$2)/(100)*$A6+F$2 -> 6928.2032 | G6: =(G$11-G$2)/(100)*$A6+G$2 -> 79674.337
A7: 60 | B7: =(B$11-B$2)/(100)*$A7+B$2 -> 90066.642 | C7: =(C$11-C$2)/(100)*$A7+C$2 -> 66510.751 | D7: =(D$11-D$2)/(100)*$A7+D$2 -> 51268.704 | E7: =(E$11-E$2)/(100)*$A7+E$2 -> 31869.735 | F7: =(F$11-F$2)/(100)*$A7+F$2 -> 6928.2032 | G7: =(G$11-G$2)/(100)*$A7+G$2 -> 85909.72
A8: 70 | B8: =(B$11-B$2)/(100)*$A8+B$2 -> 96994.845 | C8: =(C$11-C$2)/(100)*$A8+C$2 -> 70667.673 | D8: =(D$11-D$2)/(100)*$A8+D$2 -> 54039.985 | E8: =(E$11-E$2)/(100)*$A8+E$2 -> 36026.657 | F8: =(F$11-F$2)/(100)*$A8+F$2 -> 6928.2032 | G8: =(G$11-G$2)/(100)*$A8+G$2 -> 92145.103
A9: 80 | B9: =(B$11-B$2)/(100)*$A9+B$2 -> 103923.05 | C9: =(C$11-C$2)/(100)*$A9+C$2 -> 74824.595 | D9: =(D$11-D$2)/(100)*$A9+D$2 -> 56811.266 | E9: =(E$11-E$2)/(100)*$A9+E$2 -> 40183.579 | F9: =(F$11-F$2)/(100)*$A9+F$2 -> 6928.2032 | G9: =(G$11-G$2)/(100)*$A9+G$2 -> 98380.486
A10: 90 | B10: =(B$11-B$2)/(100)*$A10+B$2 -> 110851.25 | C10: =(C$11-C$2)/(100)*$A10+C$2 -> 78981.517 | D10: =(D$11-D$2)/(100)*$A10+D$2 -> 59582.548 | E10: =(E$11-E$2)/(100)*$A10+E$2 -> 44340.501 | F10: =(F$11-F$2)/(100)*$A10+F$2 -> 6928.2032 | G10: =(G$11-G$2)/(100)*$A10+G$2 -> 104615.87
A11: 100 | B11: 117779.45 | C11: 83138.439 | D11: 62353.829 | E11: 48497.423 | F11: 6928.2032 | G11: 110851.25
A12: 110 | B12: =(B$21-B$11)/(100)*($A12-$A$11)+B$11 -> 125400.48 | C12: =(C$21-C$11)/(100)*($A12-$A$11)+C$11 -> 87295.361 | D12: =(D$21-D$11)/(100)*($A12-$A$11)+D$11 -> 66510.751 | E12: =(E$21-E$11)/(100)*($A12-$A$11)+E$11 -> 54732.806 | F12: =(F$21-F$11)/(100)*($A12-$A$11)+F$11 -> 8313.8439 | G12: =(G$21-G$11)/(100)*($A12-$A$11)+G$11 -> 117086.63
A13: 120 | B13: =(B$21-B$11)/(100)*($A13-$A$11)+B$11 -> 133021.5 | C13: =(C$21-C$11)/(100)*($A13-$A$11)+C$11 -> 91452.283 | D13: =(D$21-D$11)/(100)*($A13-$A$11)+D$11 -> 70667.673 | E13: =(E$21-E$11)/(100)*($A13-$A$11)+E$11 -> 60968.188 | F13: =(F$21-F$11)/(100)*($A13-$A$11)+F$11 -> 9699.4845 | G13: =(G$21-G$11)/(100)*($A13-$A$11)+G$11 -> 123322.02
A14: 130 | B14: =(B$21-B$11)/(100)*($A14-$A$11)+B$11 -> 140642.53 | C14: =(C$21-C$11)/(100)*($A14-$A$11)+C$11 -> 95609.205 | D14: =(D$21-D$11)/(100)*($A14-$A$11)+D$11 -> 74824.595 | E14: =(E$21-E$11)/(100)*($A14-$A$11)+E$11 -> 67203.571 | F14: =(F$21-F$11)/(100)*($A14-$A$11)+F$11 -> 11085.125 | G14: =(G$21-G$11)/(100)*($A14-$A$11)+G$11 -> 129557.4
A15: 140 | B15: =(B$21-B$11)/(100)*($A15-$A$11)+B$11 -> 148263.55 | C15: =(C$21-C$11)/(100)*($A15-$A$11)+C$11 -> 99766.127 | D15: =(D$21-D$11)/(100)*($A15-$A$11)+D$11 -> 78981.517 | E15: =(E$21-E$11)/(100)*($A15-$A$11)+E$11 -> 73438.954 | F15: =(F$21-F$11)/(100)*($A15-$A$11)+F$11 -> 12470.766 | G15: =(G$21-G$11)/(100)*($A15-$A$11)+G$11 -> 135792.78
A16: 150 | B16: =(B$21-B$11)/(100)*($A16-$A$11)+B$11 -> 155884.57 | C16: =(C$21-C$11)/(100)*($A16-$A$11)+C$11 -> 103923.05 | D16: =(D$21-D$11)/(100)*($A16-$A$11)+D$11 -> 83138.439 | E16: =(E$21-E$11)/(100)*($A16-$A$11)+E$11 -> 79674.337 | F16: =(F$21-F$11)/(100)*($A16-$A$11)+F$11 -> 13856.406 | G16: =(G$21-G$11)/(100)*($A16-$A$11)+G$11 -> 142028.17
A17: 160 | B17: =(B$21-B$11)/(100)*($A17-$A$11)+B$11 -> 163505.6 | C17: =(C$21-C$11)/(100)*($A17-$A$11)+C$11 -> 108079.97 | D17: =(D$21-D$11)/(100)*($A17-$A$11)+D$11 -> 87295.361 | E17: =(E$21-E$11)/(100)*($A17-$A$11)+E$11 -> 85909.72 | F17: =(F$21-F$11)/(100)*($A17-$A$11)+F$11 -> 15242.047 | G17: =(G$21-G$11)/(100)*($A17-$A$11)+G$11 -> 148263.55
A18: 170 | B18: =(B$21-B$11)/(100)*($A18-$A$11)+B$11 -> 171126.62 | C18: =(C$21-C$11)/(100)*($A18-$A$11)+C$11 -> 112236.89 | D18: =(D$21-D$11)/(100)*($A18-$A$11)+D$11 -> 91452.283 | E18: =(E$21-E$11)/(100)*($A18-$A$11)+E$11 -> 92145.103 | F18: =(F$21-F$11)/(100)*($A18-$A$11)+F$11 -> 16627.688 | G18: =(G$21-G$11)/(100)*($A18-$A$11)+G$11 -> 154498.93
A19: 180 | B19: =(B$21-B$11)/(100)*($A19-$A$11)+B$11 -> 178747.64 | C19: =(C$21-C$11)/(100)*($A19-$A$11)+C$11 -> 116393.81 | D19: =(D$21-D$11)/(100)*($A19-$A$11)+D$11 -> 95609.205 | E19: =(E$21-E$11)/(100)*($A19-$A$11)+E$11 -> 98380.486 | F19: =(F$21-F$11)/(100)*($A19-$A$11)+F$11 -> 18013.328 | G19: =(G$21-G$11)/(100)*($A19-$A$11)+G$11 -> 160734.31
A20: 190 | B20: =(B$21-B$11)/(100)*($A20-$A$11)+B$11 -> 186368.67 | C20: =(C$21-C$11)/(100)*($A20-$A$11)+C$11 -> 120550.74 | D20: =(D$21-D$11)/(100)*($A20-$A$11)+D$11 -> 99766.127 | E20: =(E$21-E$11)/(100)*($A20-$A$11)+E$11 -> 104615.87 | F20: =(F$21-F$11)/(100)*($A20-$A$11)+F$11 -> 19398.969 | G20: =(G$21-G$11)/(100)*($A20-$A$11)+G$11 -> 166969.7
A21: 200 | B21: 193989.69 | C21: 124707.66 | D21: 103923.05 | E21: 110851.25 | F21: 20784.61 | G21: 173205.08
A22: 210 | B22: =(B$31-B$21)/(100)*($A22-$A$21)+B$21 -> 199532.25 | C22: =(C$31-C$21)/(100)*($A22-$A$21)+C$21 -> 128864.58 | D22: =(D$31-D$21)/(100)*($A22-$A$21)+D$21 -> 108772.79 | E22: =(E$31-E$21)/(100)*($A22-$A$21)+E$21 -> 119165.1 | F22: =(F$31-F$21)/(100)*($A22-$A$21)+F$21 -> 25634.352 | G22: =(G$31-G$21)/(100)*($A22-$A$21)+G$21 -> 181518.92
A23: 220 | B23: =(B$31-B$21)/(100)*($A23-$A$21)+B$21 -> 205074.82 | C23: =(C$31-C$21)/(100)*($A23-$A$21)+C$21 -> 133021.5 | D23: =(D$31-D$21)/(100)*($A23-$A$21)+D$21 -> 113622.53 | E23: =(E$31-E$21)/(100)*($A23-$A$21)+E$21 -> 127478.94 | F23: =(F$31-F$21)/(100)*($A23-$A$21)+F$21 -> 30484.094 | G23: =(G$31-G$21)/(100)*($A23-$A$21)+G$21 -> 189832.77
A24: 230 | B24: =(B$31-B$21)/(100)*($A24-$A$21)+B$21 -> 210617.38 | C24: =(C$31-C$21)/(100)*($A24-$A$21)+C$21 -> 137178.42 | D24: =(D$31-D$21)/(100)*($A24-$A$21)+D$21 -> 118472.28 | E24: =(E$31-E$21)/(100)*($A24-$A$21)+E$21 -> 135792.78 | F24: =(F$31-F$21)/(100)*($A24-$A$21)+F$21 -> 35333.836 | G24: =(G$31-G$21)/(100)*($A24-$A$21)+G$21 -> 198146.61
A25: 240 | B25: =(B$31-B$21)/(100)*($A25-$A$21)+B$21 -> 216159.94 | C25: =(C$31-C$21)/(100)*($A25-$A$21)+C$21 -> 141335.35 | D25: =(D$31-D$21)/(100)*($A25-$A$21)+D$21 -> 123322.02 | E25: =(E$31-E$21)/(100)*($A25-$A$21)+E$21 -> 144106.63 | F25: =(F$31-F$21)/(100)*($A25-$A$21)+F$21 -> 40183.579 | G25: =(G$31-G$21)/(100)*($A25-$A$21)+G$21 -> 206460.46
A26: 250 | B26: =(B$31-B$21)/(100)*($A26-$A$21)+B$21 -> 221702.5 | C26: =(C$31-C$21)/(100)*($A26-$A$21)+C$21 -> 145492.27 | D26: =(D$31-D$21)/(100)*($A26-$A$21)+D$21 -> 128171.76 | E26: =(E$31-E$21)/(100)*($A26-$A$21)+E$21 -> 152420.47 | F26: =(F$31-F$21)/(100)*($A26-$A$21)+F$21 -> 45033.321 | G26: =(G$31-G$21)/(100)*($A26-$A$21)+G$21 -> 214774.3
A27: 260 | B27: =(B$31-B$21)/(100)*($A27-$A$21)+B$21 -> 227245.07 | C27: =(C$31-C$21)/(100)*($A27-$A$21)+C$21 -> 149649.19 | D27: =(D$31-D$21)/(100)*($A27-$A$21)+D$21 -> 133021.5 | E27: =(E$31-E$21)/(100)*($A27-$A$21)+E$21 -> 160734.31 | F27: =(F$31-F$21)/(100)*($A27-$A$21)+F$21 -> 49883.063 | G27: =(G$31-G$21)/(100)*($A27-$A$21)+G$21 -> 223088.14
A28: 270 | B28: =(B$31-B$21)/(100)*($A28-$A$21)+B$21 -> 232787.63 | C28: =(C$31-C$21)/(100)*($A28-$A$21)+C$21 -> 153806.11 | D28: =(D$31-D$21)/(100)*($A28-$A$21)+D$21 -> 137871.24 | E28: =(E$31-E$21)/(100)*($A28-$A$21)+E$21 -> 169048.16 | F28: =(F$31-F$21)/(100)*($A28-$A$21)+F$21 -> 54732.806 | G28: =(G$31-G$21)/(100)*($A28-$A$21)+G$21 -> 231401.99
A29: 280 | B29: =(B$31-B$21)/(100)*($A29-$A$21)+B$21 -> 238330.19 | C29: =(C$31-C$21)/(100)*($A29-$A$21)+C$21 -> 157963.03 | D29: =(D$31-D$21)/(100)*($A29-$A$21)+D$21 -> 142720.99 | E29: =(E$31-E$21)/(100)*($A29-$A$21)+E$21 -> 177362 | F29: =(F$31-F$21)/(100)*($A29-$A$21)+F$21 -> 59582.548 | G29: =(G$31-G$21)/(100)*($A29-$A$21)+G$21 -> 239715.83
A30: 290 | B30: =(B$31-B$21)/(100)*($A30-$A$21)+B$21 -> 243872.75 | C30: =(C$31-C$21)/(100)*($A30-$A$21)+C$21 -> 162119.96 | D30: =(D$31-D$21)/(100)*($A30-$A$21)+D$21 -> 147570.73 | E30: =(E$31-E$21)/(100)*($A30-$A$21)+E$21 -> 185675.85 | F30: =(F$31-F$21)/(100)*($A30-$A$21)+F$21 -> 64432.29 | G30: =(G$31-G$21)/(100)*($A30-$A$21)+G$21 -> 248029.68
A31: 300 | B31: 249415.32 | C31: 166276.88 | D31: 152420.47 | E31: 193989.69 | F31: 69282.032 | G31: 256343.52
A32: 310 | B32: =(B$41-B$31)/(100)*($A32-$A$31)+B$31 -> 257729.16 | C32: =(C$41-C$31)/(100)*($A32-$A$31)+C$31 -> 169740.98 | D32: =(D$41-D$31)/(100)*($A32-$A$31)+D$31 -> 160041.49 | E32: =(E$41-E$31)/(100)*($A32-$A$31)+E$31 -> 205767.64 | F32: =(F$41-F$31)/(100)*($A32-$A$31)+F$31 -> 76903.056 | G32: =(G$41-G$31)/(100)*($A32-$A$31)+G$31 -> 265350.18
A33: 320 | B33: =(B$41-B$31)/(100)*($A33-$A$31)+B$31 -> 266043 | C33: =(C$41-C$31)/(100)*($A33-$A$31)+C$31 -> 173205.08 | D33: =(D$41-D$31)/(100)*($A33-$A$31)+D$31 -> 167662.52 | E33: =(E$41-E$31)/(100)*($A33-$A$31)+E$31 -> 217545.58 | F33: =(F$41-F$31)/(100)*($A33-$A$31)+F$31 -> 84524.079 | G33: =(G$41-G$31)/(100)*($A33-$A$31)+G$31 -> 274356.85
A34: 330 | B34: =(B$41-B$31)/(100)*($A34-$A$31)+B$31 -> 274356.85 | C34: =(C$41-C$31)/(100)*($A34-$A$31)+C$31 -> 176669.18 | D34: =(D$41-D$31)/(100)*($A34-$A$31)+D$31 -> 175283.54 | E34: =(E$41-E$31)/(100)*($A34-$A$31)+E$31 -> 229323.53 | F34: =(F$41-F$31)/(100)*($A34-$A$31)+F$31 -> 92145.103 | G34: =(G$41-G$31)/(100)*($A34-$A$31)+G$31 -> 283363.51
A35: 340 | B35: =(B$41-B$31)/(100)*($A35-$A$31)+B$31 -> 282670.69 | C35: =(C$41-C$31)/(100)*($A35-$A$31)+C$31 -> 180133.28 | D35: =(D$41-D$31)/(100)*($A35-$A$31)+D$31 -> 182904.57 | E35: =(E$41-E$31)/(100)*($A35-$A$31)+E$31 -> 241101.47 | F35: =(F$41-F$31)/(100)*($A35-$A$31)+F$31 -> 99766.127 | G35: =(G$41-G$31)/(100)*($A35-$A$31)+G$31 -> 292370.18
A36: 350 | B36: =(B$41-B$31)/(100)*($A36-$A$31)+B$31 -> 290984.54 | C36: =(C$41-C$31)/(100)*($A36-$A$31)+C$31 -> 183597.39 | D36: =(D$41-D$31)/(100)*($A36-$A$31)+D$31 -> 190525.59 | E36: =(E$41-E$31)/(100)*($A36-$A$31)+E$31 -> 252879.42 | F36: =(F$41-F$31)/(100)*($A36-$A$31)+F$31 -> 107387.15 | G36: =(G$41-G$31)/(100)*($A36-$A$31)+G$31 -> 301376.84
A37: 360 | B37: =(B$41-B$31)/(100)*($A37-$A$31)+B$31 -> 299298.38 | C37: =(C$41-C$31)/(100)*($A37-$A$31)+C$31 -> 187061.49 | D37: =(D$41-D$31)/(100)*($A37-$A$31)+D$31 -> 198146.61 | E37: =(E$41-E$31)/(100)*($A37-$A$31)+E$31 -> 264657.36 | F37: =(F$41-F$31)/(100)*($A37-$A$31)+F$31 -> 115008.17 | G37: =(G$41-G$31)/(100)*($A37-$A$31)+G$31 -> 310383.5
A38: 370 | B38: =(B$41-B$31)/(100)*($A38-$A$31)+B$31 -> 307612.22 | C38: =(C$41-C$31)/(100)*($A38-$A$31)+C$31 -> 190525.59 | D38: =(D$41-D$31)/(100)*($A38-$A$31)+D$31 -> 205767.64 | E38: =(E$41-E$31)/(100)*($A38-$A$31)+E$31 -> 276435.31 | F38: =(F$41-F$31)/(100)*($A38-$A$31)+F$31 -> 122629.2 | G38: =(G$41-G$31)/(100)*($A38-$A$31)+G$31 -> 319390.17
A39: 380 | B39: =(B$41-B$31)/(100)*($A39-$A$31)+B$31 -> 315926.07 | C39: =(C$41-C$31)/(100)*($A39-$A$31)+C$31 -> 193989.69 | D39: =(D$41-D$31)/(100)*($A39-$A$31)+D$31 -> 213388.66 | E39: =(E$41-E$31)/(100)*($A39-$A$31)+E$31 -> 288213.25 | F39: =(F$41-F$31)/(100)*($A39-$A$31)+F$31 -> 130250.22 | G39: =(G$41-G$31)/(100)*($A39-$A$31)+G$31 -> 328396.83
A40: 390 | B40: =(B$41-B$31)/(100)*($A40-$A$31)+B$31 -> 324239.91 | C40: =(C$41-C$31)/(100)*($A40-$A$31)+C$31 -> 197453.79 | D40: =(D$41-D$31)/(100)*($A40-$A$31)+D$31 -> 221009.68 | E40: =(E$41-E$31)/(100)*($A40-$A$31)+E$31 -> 299991.2 | F40: =(F$41-F$31)/(100)*($A40-$A$31)+F$31 -> 137871.24 | G40: =(G$41-G$31)/(100)*($A40-$A$31)+G$31 -> 337403.5
A41: 400 | B41: 332553.76 | C41: 200917.89 | D41: 228630.71 | E41: 311769.15 | F41: 145492.27 | G41: 346410.16
A42: 410 | B42: =(B$51-B$41)/(100)*($A42-$A$41)+B$41 -> 339481.96 | C42: =(C$51-C$41)/(100)*($A42-$A$41)+C$41 -> 208538.92 | D42: =(D$51-D$41)/(100)*($A42-$A$41)+D$41 -> 235558.91 | E42: =(E$51-E$41)/(100)*($A42-$A$41)+E$41 -> 320775.81 | F42: =(F$51-F$41)/(100)*($A42-$A$41)+F$41 -> 153113.29 | G42: =(G$51-G$41)/(100)*($A42-$A$41)+G$41 -> 356802.47
A43: 420 | B43: =(B$51-B$41)/(100)*($A43-$A$41)+B$41 -> 346410.16 | C43: =(C$51-C$41)/(100)*($A43-$A$41)+C$41 -> 216159.94 | D43: =(D$51-D$41)/(100)*($A43-$A$41)+D$41 -> 242487.11 | E43: =(E$51-E$41)/(100)*($A43-$A$41)+E$41 -> 329782.47 | F43: =(F$51-F$41)/(100)*($A43-$A$41)+F$41 -> 160734.31 | G43: =(G$51-G$41)/(100)*($A43-$A$41)+G$41 -> 367194.77
A44: 430 | B44: =(B$51-B$41)/(100)*($A44-$A$41)+B$41 -> 353338.36 | C44: =(C$51-C$41)/(100)*($A44-$A$41)+C$41 -> 223780.96 | D44: =(D$51-D$41)/(100)*($A44-$A$41)+D$41 -> 249415.32 | E44: =(E$51-E$41)/(100)*($A44-$A$41)+E$41 -> 338789.14 | F44: =(F$51-F$41)/(100)*($A44-$A$41)+F$41 -> 168355.34 | G44: =(G$51-G$41)/(100)*($A44-$A$41)+G$41 -> 377587.08
A45: 440 | B45: =(B$51-B$41)/(100)*($A45-$A$41)+B$41 -> 360266.57 | C45: =(C$51-C$41)/(100)*($A45-$A$41)+C$41 -> 231401.99 | D45: =(D$51-D$41)/(100)*($A45-$A$41)+D$41 -> 256343.52 | E45: =(E$51-E$41)/(100)*($A45-$A$41)+E$41 -> 347795.8 | F45: =(F$51-F$41)/(100)*($A45-$A$41)+F$41 -> 175976.36 | G45: =(G$51-G$41)/(100)*($A45-$A$41)+G$41 -> 387979.38
A46: 450 | B46: =(B$51-B$41)/(100)*($A46-$A$41)+B$41 -> 367194.77 | C46: =(C$51-C$41)/(100)*($A46-$A$41)+C$41 -> 239023.01 | D46: =(D$51-D$41)/(100)*($A46-$A$41)+D$41 -> 263271.72 | E46: =(E$51-E$41)/(100)*($A46-$A$41)+E$41 -> 356802.47 | F46: =(F$51-F$41)/(100)*($A46-$A$41)+F$41 -> 183597.39 | G46: =(G$51-G$41)/(100)*($A46-$A$41)+G$41 -> 398371.69
A47: 460 | B47: =(B$51-B$41)/(100)*($A47-$A$41)+B$41 -> 374122.97 | C47: =(C$51-C$41)/(100)*($A47-$A$41)+C$41 -> 246644.03 | D47: =(D$51-D$41)/(100)*($A47-$A$41)+D$41 -> 270199.93 | E47: =(E$51-E$41)/(100)*($A47-$A$41)+E$41 -> 365809.13 | F47: =(F$51-F$41)/(100)*($A47-$A$41)+F$41 -> 191218.41 | G47: =(G$51-G$41)/(100)*($A47-$A$41)+G$41 -> 408763.99
A48: 470 | B48: =(B$51-B$41)/(100)*($A48-$A$41)+B$41 -> 381051.18 | C48: =(C$51-C$41)/(100)*($A48-$A$41)+C$41 -> 254265.06 | D48: =(D$51-D$41)/(100)*($A48-$A$41)+D$41 -> 277128.13 | E48: =(E$51-E$41)/(100)*($A48-$A$41)+E$41 -> 374815.79 | F48: =(F$51-F$41)/(100)*($A48-$A$41)+F$41 -> 198839.43 | G48: =(G$51-G$41)/(100)*($A48-$A$41)+G$41 -> 419156.3
A49: 480 | B49: =(B$51-B$41)/(100)*($A49-$A$41)+B$41 -> 387979.38 | C49: =(C$51-C$41)/(100)*($A49-$A$41)+C$41 -> 261886.08 | D49: =(D$51-D$41)/(100)*($A49-$A$41)+D$41 -> 284056.33 | E49: =(E$51-E$41)/(100)*($A49-$A$41)+E$41 -> 383822.46 | F49: =(F$51-F$41)/(100)*($A49-$A$41)+F$41 -> 206460.46 | G49: =(G$51-G$41)/(100)*($A49-$A$41)+G$41 -> 429548.6
A50: 490 | B50: =(B$51-B$41)/(100)*($A50-$A$41)+B$41 -> 394907.58 | C50: =(C$51-C$41)/(100)*($A50-$A$41)+C$41 -> 269507.11 | D50: =(D$51-D$41)/(100)*($A50-$A$41)+D$41 -> 290984.54 | E50: =(E$51-E$41)/(100)*($A50-$A$41)+E$41 -> 392829.12 | F50: =(F$51-F$41)/(100)*($A50-$A$41)+F$41 -> 214081.48 | G50: =(G$51-G$41)/(100)*($A50-$A$41)+G$41 -> 439940.91
A51: 500 | B51: 401835.79 | C51: 277128.13 | D51: 297912.74 | E51: 401835.79 | F51: 221702.5 | G51: 450333.21
A52: 510 | B52: =(B$61-B$51)/(100)*($A52-$A$51)+B$51 -> 412228.09 | C52: =(C$61-C$51)/(100)*($A52-$A$51)+C$51 -> 281977.87 | D52: =(D$61-D$51)/(100)*($A52-$A$51)+D$51 -> 306919.4 | E52: =(E$61-E$51)/(100)*($A52-$A$51)+E$51 -> 415692.19 | F52: =(F$61-F$51)/(100)*($A52-$A$51)+F$51 -> 232787.63 | G52: =(G$61-G$51)/(100)*($A52-$A$51)+G$51 -> 469732.18
A53: 520 | B53: =(B$61-B$51)/(100)*($A53-$A$51)+B$51 -> 422620.4 | C53: =(C$61-C$51)/(100)*($A53-$A$51)+C$51 -> 286827.61 | D53: =(D$61-D$51)/(100)*($A53-$A$51)+D$51 -> 315926.07 | E53: =(E$61-E$51)/(100)*($A53-$A$51)+E$51 -> 429548.6 | F53: =(F$61-F$51)/(100)*($A53-$A$51)+F$51 -> 243872.75 | G53: =(G$61-G$51)/(100)*($A53-$A$51)+G$51 -> 489131.15
A54: 530 | B54: =(B$61-B$51)/(100)*($A54-$A$51)+B$51 -> 433012.7 | C54: =(C$61-C$51)/(100)*($A54-$A$51)+C$51 -> 291677.36 | D54: =(D$61-D$51)/(100)*($A54-$A$51)+D$51 -> 324932.73 | E54: =(E$61-E$51)/(100)*($A54-$A$51)+E$51 -> 443405.01 | F54: =(F$61-F$51)/(100)*($A54-$A$51)+F$51 -> 254957.88 | G54: =(G$61-G$51)/(100)*($A54-$A$51)+G$51 -> 508530.12
A55: 540 | B55: =(B$61-B$51)/(100)*($A55-$A$51)+B$51 -> 443405.01 | C55: =(C$61-C$51)/(100)*($A55-$A$51)+C$51 -> 296527.1 | D55: =(D$61-D$51)/(100)*($A55-$A$51)+D$51 -> 333939.4 | E55: =(E$61-E$51)/(100)*($A55-$A$51)+E$51 -> 457261.41 | F55: =(F$61-F$51)/(100)*($A55-$A$51)+F$51 -> 266043 | G55: =(G$61-G$51)/(100)*($A55-$A$51)+G$51 -> 527929.09
A56: 550 | B56: =(B$61-B$51)/(100)*($A56-$A$51)+B$51 -> 453797.31 | C56: =(C$61-C$51)/(100)*($A56-$A$51)+C$51 -> 301376.84 | D56: =(D$61-D$51)/(100)*($A56-$A$51)+D$51 -> 342946.06 | E56: =(E$61-E$51)/(100)*($A56-$A$51)+E$51 -> 471117.82 | F56: =(F$61-F$51)/(100)*($A56-$A$51)+F$51 -> 277128.13 | G56: =(G$61-G$51)/(100)*($A56-$A$51)+G$51 -> 547328.06
A57: 560 | B57: =(B$61-B$51)/(100)*($A57-$A$51)+B$51 -> 464189.62 | C57: =(C$61-C$51)/(100)*($A57-$A$51)+C$51 -> 306226.58 | D57: =(D$61-D$51)/(100)*($A57-$A$51)+D$51 -> 351952.72 | E57: =(E$61-E$51)/(100)*($A57-$A$51)+E$51 -> 484974.23 | F57: =(F$61-F$51)/(100)*($A57-$A$51)+F$51 -> 288213.25 | G57: =(G$61-G$51)/(100)*($A57-$A$51)+G$51 -> 566727.02
A58: 570 | B58: =(B$61-B$51)/(100)*($A58-$A$51)+B$51 -> 474581.92 | C58: =(C$61-C$51)/(100)*($A58-$A$51)+C$51 -> 311076.33 | D58: =(D$61-D$51)/(100)*($A58-$A$51)+D$51 -> 360959.39 | E58: =(E$61-E$51)/(100)*($A58-$A$51)+E$51 -> 498830.63 | F58: =(F$61-F$51)/(100)*($A58-$A$51)+F$51 -> 299298.38 | G58: =(G$61-G$51)/(100)*($A58-$A$51)+G$51 -> 586125.99
A59: 580 | B59: =(B$61-B$51)/(100)*($A59-$A$51)+B$51 -> 484974.23 | C59: =(C$61-C$51)/(100)*($A59-$A$51)+C$51 -> 315926.07 | D59: =(D$61-D$51)/(100)*($A59-$A$51)+D$51 -> 369966.05 | E59: =(E$61-E$51)/(100)*($A59-$A$51)+E$51 -> 512687.04 | F59: =(F$61-F$51)/(100)*($A59-$A$51)+F$51 -> 310383.5 | G59: =(G$61-G$51)/(100)*($A59-$A$51)+G$51 -> 605524.96
A60: 590 | B60: =(B$61-B$51)/(100)*($A60-$A$51)+B$51 -> 495366.53 | C60: =(C$61-C$51)/(100)*($A60-$A$51)+C$51 -> 320775.81 | D60: =(D$61-D$51)/(100)*($A60-$A$51)+D$51 -> 378972.72 | E60: =(E$61-E$51)/(100)*($A60-$A$51)+E$51 -> 526543.45 | F60: =(F$61-F$51)/(100)*($A60-$A$51)+F$51 -> 321468.63 | G60: =(G$61-G$51)/(100)*($A60-$A$51)+G$51 -> 624923.93
A61: 600 | B61: 505758.84 | C61: 325625.55 | D61: 387979.38 | E61: 540399.85 | F61: 332553.76 | G61: 644322.9
A62: 610 | B62: =(B$71-B$61)/(100)*($A62-$A$61)+B$61 -> 520308.06 | C62: =(C$71-C$61)/(100)*($A62-$A$61)+C$61 -> 332553.76 | D62: =(D$71-D$61)/(100)*($A62-$A$61)+D$61 -> 399757.33 | E62: =(E$71-E$61)/(100)*($A62-$A$61)+E$61 -> 555641.9 | F62: =(F$71-F$61)/(100)*($A62-$A$61)+F$61 -> 342946.06 | G62: =(G$71-G$61)/(100)*($A62-$A$61)+G$61 -> 658872.13
A63: 620 | B63: =(B$71-B$61)/(100)*($A63-$A$61)+B$61 -> 534857.29 | C63: =(C$71-C$61)/(100)*($A63-$A$61)+C$61 -> 339481.96 | D63: =(D$71-D$61)/(100)*($A63-$A$61)+D$61 -> 411535.27 | E63: =(E$71-E$61)/(100)*($A63-$A$61)+E$61 -> 570883.95 | F63: =(F$71-F$61)/(100)*($A63-$A$61)+F$61 -> 353338.36 | G63: =(G$71-G$61)/(100)*($A63-$A$61)+G$61 -> 673421.35
A64: 630 | B64: =(B$71-B$61)/(100)*($A64-$A$61)+B$61 -> 549406.52 | C64: =(C$71-C$61)/(100)*($A64-$A$61)+C$61 -> 346410.16 | D64: =(D$71-D$61)/(100)*($A64-$A$61)+D$61 -> 423313.22 | E64: =(E$71-E$61)/(100)*($A64-$A$61)+E$61 -> 586125.99 | F64: =(F$71-F$61)/(100)*($A64-$A$61)+F$61 -> 363730.67 | G64: =(G$71-G$61)/(100)*($A64-$A$61)+G$61 -> 687970.58
A65: 640 | B65: =(B$71-B$61)/(100)*($A65-$A$61)+B$61 -> 563955.74 | C65: =(C$71-C$61)/(100)*($A65-$A$61)+C$61 -> 353338.36 | D65: =(D$71-D$61)/(100)*($A65-$A$61)+D$61 -> 435091.16 | E65: =(E$71-E$61)/(100)*($A65-$A$61)+E$61 -> 601368.04 | F65: =(F$71-F$61)/(100)*($A65-$A$61)+F$61 -> 374122.97 | G65: =(G$71-G$61)/(100)*($A65-$A$61)+G$61 -> 702519.81
A66: 650 | B66: =(B$71-B$61)/(100)*($A66-$A$61)+B$61 -> 578504.97 | C66: =(C$71-C$61)/(100)*($A66-$A$61)+C$61 -> 360266.57 | D66: =(D$71-D$61)/(100)*($A66-$A$61)+D$61 -> 446869.11 | E66: =(E$71-E$61)/(100)*($A66-$A$61)+E$61 -> 616610.09 | F66: =(F$71-F$61)/(100)*($A66-$A$61)+F$61 -> 384515.28 | G66: =(G$71-G$61)/(100)*($A66-$A$61)+G$61 -> 717069.03
A67: 660 | B67: =(B$71-B$61)/(100)*($A67-$A$61)+B$61 -> 593054.2 | C67: =(C$71-C$61)/(100)*($A67-$A$61)+C$61 -> 367194.77 | D67: =(D$71-D$61)/(100)*($A67-$A$61)+D$61 -> 458647.05 | E67: =(E$71-E$61)/(100)*($A67-$A$61)+E$61 -> 631852.13 | F67: =(F$71-F$61)/(100)*($A67-$A$61)+F$61 -> 394907.58 | G67: =(G$71-G$61)/(100)*($A67-$A$61)+G$61 -> 731618.26
A68: 670 | B68: =(B$71-B$61)/(100)*($A68-$A$61)+B$61 -> 607603.42 | C68: =(C$71-C$61)/(100)*($A68-$A$61)+C$61 -> 374122.97 | D68: =(D$71-D$61)/(100)*($A68-$A$61)+D$61 -> 470425 | E68: =(E$71-E$61)/(100)*($A68-$A$61)+E$61 -> 647094.18 | F68: =(F$71-F$61)/(100)*($A68-$A$61)+F$61 -> 405299.89 | G68: =(G$71-G$61)/(100)*($A68-$A$61)+G$61 -> 746167.49
A69: 680 | B69: =(B$71-B$61)/(100)*($A69-$A$61)+B$61 -> 622152.65 | C69: =(C$71-C$61)/(100)*($A69-$A$61)+C$61 -> 381051.18 | D69: =(D$71-D$61)/(100)*($A69-$A$61)+D$61 -> 482202.94 | E69: =(E$71-E$61)/(100)*($A69-$A$61)+E$61 -> 662336.23 | F69: =(F$71-F$61)/(100)*($A69-$A$61)+F$61 -> 415692.19 | G69: =(G$71-G$61)/(100)*($A69-$A$61)+G$61 -> 760716.71
A70: 690 | B70: =(B$71-B$61)/(100)*($A70-$A$61)+B$61 -> 636701.88 | C70: =(C$71-C$61)/(100)*($A70-$A$61)+C$61 -> 387979.38 | D70: =(D$71-D$61)/(100)*($A70-$A$61)+D$61 -> 493980.89 | E70: =(E$71-E$61)/(100)*($A70-$A$61)+E$61 -> 677578.28 | F70: =(F$71-F$61)/(100)*($A70-$A$61)+F$61 -> 426084.5 | G70: =(G$71-G$61)/(100)*($A70-$A$61)+G$61 -> 775265.94
A71: 700 | B71: 651251.1 | C71: 394907.58 | D71: 505758.84 | E71: 692820.32 | F71: 436476.8 | G71: 789815.17
A72: 710 | B72: =(B$81-B$71)/(100)*($A72-$A$71)+B$71 -> 667878.79 | C72: =(C$81-C$71)/(100)*($A72-$A$71)+C$71 -> 400450.15 | D72: =(D$81-D$71)/(100)*($A72-$A$71)+D$71 -> 516151.14 | E72: =(E$81-E$71)/(100)*($A72-$A$71)+E$71 -> 705291.09 | F72: =(F$81-F$71)/(100)*($A72-$A$71)+F$71 -> 452411.67 | G72: =(G$81-G$71)/(100)*($A72-$A$71)+G$71 -> 807828.5
A73: 720 | B73: =(B$81-B$71)/(100)*($A73-$A$71)+B$71 -> 684506.48 | C73: =(C$81-C$71)/(100)*($A73-$A$71)+C$71 -> 405992.71 | D73: =(D$81-D$71)/(100)*($A73-$A$71)+D$71 -> 526543.45 | E73: =(E$81-E$71)/(100)*($A73-$A$71)+E$71 -> 717761.85 | F73: =(F$81-F$71)/(100)*($A73-$A$71)+F$71 -> 468346.54 | G73: =(G$81-G$71)/(100)*($A73-$A$71)+G$71 -> 825841.83
A74: 730 | B74: =(B$81-B$71)/(100)*($A74-$A$71)+B$71 -> 701134.17 | C74: =(C$81-C$71)/(100)*($A74-$A$71)+C$71 -> 411535.27 | D74: =(D$81-D$71)/(100)*($A74-$A$71)+D$71 -> 536935.75 | E74: =(E$81-E$71)/(100)*($A74-$A$71)+E$71 -> 730232.62 | F74: =(F$81-F$71)/(100)*($A74-$A$71)+F$71 -> 484281.41 | G74: =(G$81-G$71)/(100)*($A74-$A$71)+G$71 -> 843855.15
A75: 740 | B75: =(B$81-B$71)/(100)*($A75-$A$71)+B$71 -> 717761.85 | C75: =(C$81-C$71)/(100)*($A75-$A$71)+C$71 -> 417077.83 | D75: =(D$81-D$71)/(100)*($A75-$A$71)+D$71 -> 547328.06 | E75: =(E$81-E$71)/(100)*($A75-$A$71)+E$71 -> 742703.39 | F75: =(F$81-F$71)/(100)*($A75-$A$71)+F$71 -> 500216.27 | G75: =(G$81-G$71)/(100)*($A75-$A$71)+G$71 -> 861868.48
A76: 750 | B76: =(B$81-B$71)/(100)*($A76-$A$71)+B$71 -> 734389.54 | C76: =(C$81-C$71)/(100)*($A76-$A$71)+C$71 -> 422620.4 | D76: =(D$81-D$71)/(100)*($A76-$A$71)+D$71 -> 557720.36 | E76: =(E$81-E$71)/(100)*($A76-$A$71)+E$71 -> 755174.15 | F76: =(F$81-F$71)/(100)*($A76-$A$71)+F$71 -> 516151.14 | G76: =(G$81-G$71)/(100)*($A76-$A$71)+G$71 -> 879881.81
A77: 760 | B77: =(B$81-B$71)/(100)*($A77-$A$71)+B$71 -> 751017.23 | C77: =(C$81-C$71)/(100)*($A77-$A$71)+C$71 -> 428162.96 | D77: =(D$81-D$71)/(100)*($A77-$A$71)+D$71 -> 568112.66 | E77: =(E$81-E$71)/(100)*($A77-$A$71)+E$71 -> 767644.92 | F77: =(F$81-F$71)/(100)*($A77-$A$71)+F$71 -> 532086.01 | G77: =(G$81-G$71)/(100)*($A77-$A$71)+G$71 -> 897895.14
A78: 770 | B78: =(B$81-B$71)/(100)*($A78-$A$71)+B$71 -> 767644.92 | C78: =(C$81-C$71)/(100)*($A78-$A$71)+C$71 -> 433705.52 | D78: =(D$81-D$71)/(100)*($A78-$A$71)+D$71 -> 578504.97 | E78: =(E$81-E$71)/(100)*($A78-$A$71)+E$71 -> 780115.68 | F78: =(F$81-F$71)/(100)*($A78-$A$71)+F$71 -> 548020.88 | G78: =(G$81-G$71)/(100)*($A78-$A$71)+G$71 -> 915908.47
A79: 780 | B79: =(B$81-B$71)/(100)*($A79-$A$71)+B$71 -> 784272.61 | C79: =(C$81-C$71)/(100)*($A79-$A$71)+C$71 -> 439248.08 | D79: =(D$81-D$71)/(100)*($A79-$A$71)+D$71 -> 588897.27 | E79: =(E$81-E$71)/(100)*($A79-$A$71)+E$71 -> 792586.45 | F79: =(F$81-F$71)/(100)*($A79-$A$71)+F$71 -> 563955.74 | G79: =(G$81-G$71)/(100)*($A79-$A$71)+G$71 -> 933921.8
A80: 790 | B80: =(B$81-B$71)/(100)*($A80-$A$71)+B$71 -> 800900.29 | C80: =(C$81-C$71)/(100)*($A80-$A$71)+C$71 -> 444790.65 | D80: =(D$81-D$71)/(100)*($A80-$A$71)+D$71 -> 599289.58 | E80: =(E$81-E$71)/(100)*($A80-$A$71)+E$71 -> 805057.22 | F80: =(F$81-F$71)/(100)*($A80-$A$71)+F$71 -> 579890.61 | G80: =(G$81-G$71)/(100)*($A80-$A$71)+G$71 -> 951935.12
A81: 800 | B81: 817527.98 | C81: 450333.21 | D81: 609681.88 | E81: 817527.98 | F81: 595825.48 | G81: 969948.45
A82: 810 | B82: =(B$91-B$81)/(100)*($A82-$A$81)+B$81 -> 836234.13 | C82: =(C$91-C$81)/(100)*($A82-$A$81)+C$81 -> 453104.49 | D82: =(D$91-D$81)/(100)*($A82-$A$81)+D$81 -> 624923.93 | E82: =(E$91-E$81)/(100)*($A82-$A$81)+E$81 -> 829305.93 | F82: =(F$91-F$81)/(100)*($A82-$A$81)+F$81 -> 601368.04 | G82: =(G$91-G$81)/(100)*($A82-$A$81)+G$81 -> 985883.32
A83: 820 | B83: =(B$91-B$81)/(100)*($A83-$A$81)+B$81 -> 854940.28 | C83: =(C$91-C$81)/(100)*($A83-$A$81)+C$81 -> 455875.77 | D83: =(D$91-D$81)/(100)*($A83-$A$81)+D$81 -> 640165.98 | E83: =(E$91-E$81)/(100)*($A83-$A$81)+E$81 -> 841083.87 | F83: =(F$91-F$81)/(100)*($A83-$A$81)+F$81 -> 606910.6 | G83: =(G$91-G$81)/(100)*($A83-$A$81)+G$81 -> 1001818.2
A84: 830 | B84: =(B$91-B$81)/(100)*($A84-$A$81)+B$81 -> 873646.43 | C84: =(C$91-C$81)/(100)*($A84-$A$81)+C$81 -> 458647.05 | D84: =(D$91-D$81)/(100)*($A84-$A$81)+D$81 -> 655408.03 | E84: =(E$91-E$81)/(100)*($A84-$A$81)+E$81 -> 852861.82 | F84: =(F$91-F$81)/(100)*($A84-$A$81)+F$81 -> 612453.17 | G84: =(G$91-G$81)/(100)*($A84-$A$81)+G$81 -> 1017753.1
A85: 840 | B85: =(B$91-B$81)/(100)*($A85-$A$81)+B$81 -> 892352.58 | C85: =(C$91-C$81)/(100)*($A85-$A$81)+C$81 -> 461418.34 | D85: =(D$91-D$81)/(100)*($A85-$A$81)+D$81 -> 670650.07 | E85: =(E$91-E$81)/(100)*($A85-$A$81)+E$81 -> 864639.76 | F85: =(F$91-F$81)/(100)*($A85-$A$81)+F$81 -> 617995.73 | G85: =(G$91-G$81)/(100)*($A85-$A$81)+G$81 -> 1033687.9
A86: 850 | B86: =(B$91-B$81)/(100)*($A86-$A$81)+B$81 -> 911058.72 | C86: =(C$91-C$81)/(100)*($A86-$A$81)+C$81 -> 464189.62 | D86: =(D$91-D$81)/(100)*($A86-$A$81)+D$81 -> 685892.12 | E86: =(E$91-E$81)/(100)*($A86-$A$81)+E$81 -> 876417.71 | F86: =(F$91-F$81)/(100)*($A86-$A$81)+F$81 -> 623538.29 | G86: =(G$91-G$81)/(100)*($A86-$A$81)+G$81 -> 1049622.8
A87: 860 | B87: =(B$91-B$81)/(100)*($A87-$A$81)+B$81 -> 929764.87 | C87: =(C$91-C$81)/(100)*($A87-$A$81)+C$81 -> 466960.9 | D87: =(D$91-D$81)/(100)*($A87-$A$81)+D$81 -> 701134.17 | E87: =(E$91-E$81)/(100)*($A87-$A$81)+E$81 -> 888195.65 | F87: =(F$91-F$81)/(100)*($A87-$A$81)+F$81 -> 629080.85 | G87: =(G$91-G$81)/(100)*($A87-$A$81)+G$81 -> 1065557.7
A88: 870 | B88: =(B$91-B$81)/(100)*($A88-$A$81)+B$81 -> 948471.02 | C88: =(C$91-C$81)/(100)*($A88-$A$81)+C$81 -> 469732.18 | D88: =(D$91-D$81)/(100)*($A88-$A$81)+D$81 -> 716376.21 | E88: =(E$91-E$81)/(100)*($A88-$A$81)+E$81 -> 899973.6 | F88: =(F$91-F$81)/(100)*($A88-$A$81)+F$81 -> 634623.42 | G88: =(G$91-G$81)/(100)*($A88-$A$81)+G$81 -> 1081492.5
A89: 880 | B89: =(B$91-B$81)/(100)*($A89-$A$81)+B$81 -> 967177.17 | C89: =(C$91-C$81)/(100)*($A89-$A$81)+C$81 -> 472503.46 | D89: =(D$91-D$81)/(100)*($A89-$A$81)+D$81 -> 731618.26 | E89: =(E$91-E$81)/(100)*($A89-$A$81)+E$81 -> 911751.55 | F89: =(F$91-F$81)/(100)*($A89-$A$81)+F$81 -> 640165.98 | G89: =(G$91-G$81)/(100)*($A89-$A$81)+G$81 -> 1097427.4
A90: 890 | B90: =(B$91-B$81)/(100)*($A90-$A$81)+B$81 -> 985883.32 | C90: =(C$91-C$81)/(100)*($A90-$A$81)+C$81 -> 475274.74 | D90: =(D$91-D$81)/(100)*($A90-$A$81)+D$81 -> 746860.31 | E90: =(E$91-E$81)/(100)*($A90-$A$81)+E$81 -> 923529.49 | F90: =(F$91-F$81)/(100)*($A90-$A$81)+F$81 -> 645708.54 | G90: =(G$91-G$81)/(100)*($A90-$A$81)+G$81 -> 1113362.3
A91: 900 | B91: 1004589.5 | C91: 478046.02 | D91: 762102.36 | E91: 935307.44 | F91: 651251.1 | G91: 1129297.1
A92: 910 | B92: =(B$101-B$91)/(100)*($A92-$A$91)+B$91 -> 1021217.2 | C92: =(C$101-C$91)/(100)*($A92-$A$91)+C$91 -> 481510.12 | D92: =(D$101-D$91)/(100)*($A92-$A$91)+D$91 -> 774573.12 | E92: =(E$101-E$91)/(100)*($A92-$A$91)+E$91 -> 952627.94 | F92: =(F$101-F$91)/(100)*($A92-$A$91)+F$91 -> 667185.97 | G92: =(G$101-G$91)/(100)*($A92-$A$91)+G$91 -> 1145232
A93: 920 | B93: =(B$101-B$91)/(100)*($A93-$A$91)+B$91 -> 1037844.8 | C93: =(C$101-C$91)/(100)*($A93-$A$91)+C$91 -> 484974.23 | D93: =(D$101-D$91)/(100)*($A93-$A$91)+D$91 -> 787043.89 | E93: =(E$101-E$91)/(100)*($A93-$A$91)+E$91 -> 969948.45 | F93: =(F$101-F$91)/(100)*($A93-$A$91)+F$91 -> 683120.84 | G93: =(G$101-G$91)/(100)*($A93-$A$91)+G$91 -> 1161166.9
A94: 930 | B94: =(B$101-B$91)/(100)*($A94-$A$91)+B$91 -> 1054472.5 | C94: =(C$101-C$91)/(100)*($A94-$A$91)+C$91 -> 488438.33 | D94: =(D$101-D$91)/(100)*($A94-$A$91)+D$91 -> 799514.65 | E94: =(E$101-E$91)/(100)*($A94-$A$91)+E$91 -> 987268.96 | F94: =(F$101-F$91)/(100)*($A94-$A$91)+F$91 -> 699055.71 | G94: =(G$101-G$91)/(100)*($A94-$A$91)+G$91 -> 1177101.7
A95: 940 | B95: =(B$101-B$91)/(100)*($A95-$A$91)+B$91 -> 1071100.2 | C95: =(C$101-C$91)/(100)*($A95-$A$91)+C$91 -> 491902.43 | D95: =(D$101-D$91)/(100)*($A95-$A$91)+D$91 -> 811985.42 | E95: =(E$101-E$91)/(100)*($A95-$A$91)+E$91 -> 1004589.5 | F95: =(F$101-F$91)/(100)*($A95-$A$91)+F$91 -> 714990.57 | G95: =(G$101-G$91)/(100)*($A95-$A$91)+G$91 -> 1193036.6
A96: 950 | B96: =(B$101-B$91)/(100)*($A96-$A$91)+B$91 -> 1087727.9 | C96: =(C$101-C$91)/(100)*($A96-$A$91)+C$91 -> 495366.53 | D96: =(D$101-D$91)/(100)*($A96-$A$91)+D$91 -> 824456.18 | E96: =(E$101-E$91)/(100)*($A96-$A$91)+E$91 -> 1021910 | F96: =(F$101-F$91)/(100)*($A96-$A$91)+F$91 -> 730925.44 | G96: =(G$101-G$91)/(100)*($A96-$A$91)+G$91 -> 1208971.5
A97: 960 | B97: =(B$101-B$91)/(100)*($A97-$A$91)+B$91 -> 1104355.6 | C97: =(C$101-C$91)/(100)*($A97-$A$91)+C$91 -> 498830.63 | D97: =(D$101-D$91)/(100)*($A97-$A$91)+D$91 -> 836926.95 | E97: =(E$101-E$91)/(100)*($A97-$A$91)+E$91 -> 1039230.5 | F97: =(F$101-F$91)/(100)*($A97-$A$91)+F$91 -> 746860.31 | G97: =(G$101-G$91)/(100)*($A97-$A$91)+G$91 -> 1224906.3
A98: 970 | B98: =(B$101-B$91)/(100)*($A98-$A$91)+B$91 -> 1120983.3 | C98: =(C$101-C$91)/(100)*($A98-$A$91)+C$91 -> 502294.73 | D98: =(D$101-D$91)/(100)*($A98-$A$91)+D$91 -> 849397.72 | E98: =(E$101-E$91)/(100)*($A98-$A$91)+E$91 -> 1056551 | F98: =(F$101-F$91)/(100)*($A98-$A$91)+F$91 -> 762795.18 | G98: =(G$101-G$91)/(100)*($A98-$A$91)+G$91 -> 1240841.2
A99: 980 | B99: =(B$101-B$91)/(100)*($A99-$A$91)+B$91 -> 1137611 | C99: =(C$101-C$91)/(100)*($A99-$A$91)+C$91 -> 505758.84 | D99: =(D$101-D$91)/(100)*($A99-$A$91)+D$91 -> 861868.48 | E99: =(E$101-E$91)/(100)*($A99-$A$91)+E$91 -> 1073871.5 | F99: =(F$101-F$91)/(100)*($A99-$A$91)+F$91 -> 778730.04 | G99: =(G$101-G$91)/(100)*($A99-$A$91)+G$91 -> 1256776.1
A100: 990 | B100: =(B$101-B$91)/(100)*($A100-$A$91)+B$91 -> 1154238.7 | C100: =(C$101-C$91)/(100)*($A100-$A$91)+C$91 -> 509222.94 | D100: =(D$101-D$91)/(100)*($A100-$A$91)+D$91 -> 874339.25 | E100: =(E$101-E$91)/(100)*($A100-$A$91)+E$91 -> 1091192 | F100: =(F$101-F$91)/(100)*($A100-$A$91)+F$91 -> 794664.91 | G100: =(G$101-G$91)/(100)*($A100-$A$91)+G$91 -> 1272710.9
...

Sheet burned_area
B1: 1 | C1: 2 | D1: 3 | E1: 4 | F1: 5 | G1: 6
A2: 10 | B2: 48497.423 | C2: 6928.2032 | D2: 34641.016 | E2: 6928.2032 | F2: 6928.2032 | G2: 48497.423
A3: 20 | B3: =(B$11-B$2)/(100)*$A3+B$2 -> 62353.829 | C3: =(C$11-C$2)/(100)*$A3+C$2 -> 8313.8439 | D3: =(D$11-D$2)/(100)*$A3+D$2 -> 40183.579 | E3: =(E$11-E$2)/(100)*$A3+E$2 -> 15242.047 | F3: =(F$11-F$2)/(100)*$A3+F$2 -> 6928.2032 | G3: =(G$11-G$2)/(100)*$A3+G$2 -> 60968.188
A4: 30 | B4: =(B$11-B$2)/(100)*$A4+B$2 -> 69282.032 | C4: =(C$11-C$2)/(100)*$A4+C$2 -> 9006.6642 | D4: =(D$11-D$2)/(100)*$A4+D$2 -> 42954.86 | E4: =(E$11-E$2)/(100)*$A4+E$2 -> 19398.969 | F4: =(F$11-F$2)/(100)*$A4+F$2 -> 6928.2032 | G4: =(G$11-G$2)/(100)*$A4+G$2 -> 67203.571
A5: 40 | B5: =(B$11-B$2)/(100)*$A5+B$2 -> 76210.236 | C5: =(C$11-C$2)/(100)*$A5+C$2 -> 9699.4845 | D5: =(D$11-D$2)/(100)*$A5+D$2 -> 45726.141 | E5: =(E$11-E$2)/(100)*$A5+E$2 -> 23555.891 | F5: =(F$11-F$2)/(100)*$A5+F$2 -> 6928.2032 | G5: =(G$11-G$2)/(100)*$A5+G$2 -> 73438.954
A6: 50 | B6: =(B$11-B$2)/(100)*$A6+B$2 -> 83138.439 | C6: =(C$11-C$2)/(100)*$A6+C$2 -> 10392.305 | D6: =(D$11-D$2)/(100)*$A6+D$2 -> 48497.423 | E6: =(E$11-E$2)/(100)*$A6+E$2 -> 27712.813 | F6: =(F$11-F$2)/(100)*$A6+F$2 -> 6928.2032 | G6: =(G$11-G$2)/(100)*$A6+G$2 -> 79674.337
A7: 60 | B7: =(B$11-B$2)/(100)*$A7+B$2 -> 90066.642 | C7: =(C$11-C$2)/(100)*$A7+C$2 -> 11085.125 | D7: =(D$11-D$2)/(100)*$A7+D$2 -> 51268.704 | E7: =(E$11-E$2)/(100)*$A7+E$2 -> 31869.735 | F7: =(F$11-F$2)/(100)*$A7+F$2 -> 6928.2032 | G7: =(G$11-G$2)/(100)*$A7+G$2 -> 85909.72
A8: 70 | B8: =(B$11-B$2)/(100)*$A8+B$2 -> 96994.845 | C8: =(C$11-C$2)/(100)*$A8+C$2 -> 11777.945 | D8: =(D$11-D$2)/(100)*$A8+D$2 -> 54039.985 | E8: =(E$11-E$2)/(100)*$A8+E$2 -> 36026.657 | F8: =(F$11-F$2)/(100)*$A8+F$2 -> 6928.2032 | G8: =(G$11-G$2)/(100)*$A8+G$2 -> 92145.103
A9: 80 | B9: =(B$11-B$2)/(100)*$A9+B$2 -> 103923.05 | C9: =(C$11-C$2)/(100)*$A9+C$2 -> 12470.766 | D9: =(D$11-D$2)/(100)*$A9+D$2 -> 56811.266 | E9: =(E$11-E$2)/(100)*$A9+E$2 -> 40183.579 | F9: =(F$11-F$2)/(100)*$A9+F$2 -> 6928.2032 | G9: =(G$11-G$2)/(100)*$A9+G$2 -> 98380.486
A10: 90 | B10: =(B$11-B$2)/(100)*$A10+B$2 -> 110851.25 | C10: =(C$11-C$2)/(100)*$A10+C$2 -> 13163.586 | D10: =(D$11-D$2)/(100)*$A10+D$2 -> 59582.548 | E10: =(E$11-E$2)/(100)*$A10+E$2 -> 44340.501 | F10: =(F$11-F$2)/(100)*$A10+F$2 -> 6928.2032 | G10: =(G$11-G$2)/(100)*$A10+G$2 -> 104615.87
A11: 100 | B11: 117779.45 | C11: 13856.406 | D11: 62353.829 | E11: 48497.423 | F11: 6928.2032 | G11: 110851.25
A12: 110 | B12: =(B$21-B$11)/(100)*($A12-$A$11)+B$11 -> 125400.48 | C12: =(C$21-C$11)/(100)*($A12-$A$11)+C$11 -> 17320.508 | D12: =(D$21-D$11)/(100)*($A12-$A$11)+D$11 -> 66510.751 | E12: =(E$21-E$11)/(100)*($A12-$A$11)+E$11 -> 54732.806 | F12: =(F$21-F$11)/(100)*($A12-$A$11)+F$11 -> 8313.8439 | G12: =(G$21-G$11)/(100)*($A12-$A$11)+G$11 -> 117086.63
A13: 120 | B13: =(B$21-B$11)/(100)*($A13-$A$11)+B$11 -> 133021.5 | C13: =(C$21-C$11)/(100)*($A13-$A$11)+C$11 -> 20784.61 | D13: =(D$21-D$11)/(100)*($A13-$A$11)+D$11 -> 70667.673 | E13: =(E$21-E$11)/(100)*($A13-$A$11)+E$11 -> 60968.188 | F13: =(F$21-F$11)/(100)*($A13-$A$11)+F$11 -> 9699.4845 | G13: =(G$21-G$11)/(100)*($A13-$A$11)+G$11 -> 123322.02
A14: 130 | B14: =(B$21-B$11)/(100)*($A14-$A$11)+B$11 -> 140642.53 | C14: =(C$21-C$11)/(100)*($A14-$A$11)+C$11 -> 24248.711 | D14: =(D$21-D$11)/(100)*($A14-$A$11)+D$11 -> 74824.595 | E14: =(E$21-E$11)/(100)*($A14-$A$11)+E$11 -> 67203.571 | F14: =(F$21-F$11)/(100)*($A14-$A$11)+F$11 -> 11085.125 | G14: =(G$21-G$11)/(100)*($A14-$A$11)+G$11 -> 129557.4
A15: 140 | B15: =(B$21-B$11)/(100)*($A15-$A$11)+B$11 -> 148263.55 | C15: =(C$21-C$11)/(100)*($A15-$A$11)+C$11 -> 27712.813 | D15: =(D$21-D$11)/(100)*($A15-$A$11)+D$11 -> 78981.517 | E15: =(E$21-E$11)/(100)*($A15-$A$11)+E$11 -> 73438.954 | F15: =(F$21-F$11)/(100)*($A15-$A$11)+F$11 -> 12470.766 | G15: =(G$21-G$11)/(100)*($A15-$A$11)+G$11 -> 135792.78
A16: 150 | B16: =(B$21-B$11)/(100)*($A16-$A$11)+B$11 -> 155884.57 | C16: =(C$21-C$11)/(100)*($A16-$A$11)+C$11 -> 31176.915 | D16: =(D$21-D$11)/(100)*($A16-$A$11)+D$11 -> 83138.439 | E16: =(E$21-E$11)/(100)*($A16-$A$11)+E$11 -> 79674.337 | F16: =(F$21-F$11)/(100)*($A16-$A$11)+F$11 -> 13856.406 | G16: =(G$21-G$11)/(100)*($A16-$A$11)+G$11 -> 142028.17
A17: 160 | B17: =(B$21-B$11)/(100)*($A17-$A$11)+B$11 -> 163505.6 | C17: =(C$21-C$11)/(100)*($A17-$A$11)+C$11 -> 34641.016 | D17: =(D$21-D$11)/(100)*($A17-$A$11)+D$11 -> 87295.361 | E17: =(E$21-E$11)/(100)*($A17-$A$11)+E$11 -> 85909.72 | F17: =(F$21-F$11)/(100)*($A17-$A$11)+F$11 -> 15242.047 | G17: =(G$21-G$11)/(100)*($A17-$A$11)+G$11 -> 148263.55
A18: 170 | B18: =(B$21-B$11)/(100)*($A18-$A$11)+B$11 -> 171126.62 | C18: =(C$21-C$11)/(100)*($A18-$A$11)+C$11 -> 38105.118 | D18: =(D$21-D$11)/(100)*($A18-$A$11)+D$11 -> 91452.283 | E18: =(E$21-E$11)/(100)*($A18-$A$11)+E$11 -> 92145.103 | F18: =(F$21-F$11)/(100)*($A18-$A$11)+F$11 -> 16627.688 | G18: =(G$21-G$11)/(100)*($A18-$A$11)+G$11 -> 154498.93
A19: 180 | B19: =(B$21-B$11)/(100)*($A19-$A$11)+B$11 -> 178747.64 | C19: =(C$21-C$11)/(100)*($A19-$A$11)+C$11 -> 41569.219 | D19: =(D$21-D$11)/(100)*($A19-$A$11)+D$11 -> 95609.205 | E19: =(E$21-E$11)/(100)*($A19-$A$11)+E$11 -> 98380.486 | F19: =(F$21-F$11)/(100)*($A19-$A$11)+F$11 -> 18013.328 | G19: =(G$21-G$11)/(100)*($A19-$A$11)+G$11 -> 160734.31
A20: 190 | B20: =(B$21-B$11)/(100)*($A20-$A$11)+B$11 -> 186368.67 | C20: =(C$21-C$11)/(100)*($A20-$A$11)+C$11 -> 45033.321 | D20: =(D$21-D$11)/(100)*($A20-$A$11)+D$11 -> 99766.127 | E20: =(E$21-E$11)/(100)*($A20-$A$11)+E$11 -> 104615.87 | F20: =(F$21-F$11)/(100)*($A20-$A$11)+F$11 -> 19398.969 | G20: =(G$21-G$11)/(100)*($A20-$A$11)+G$11 -> 166969.7
A21: 200 | B21: 193989.69 | C21: 48497.423 | D21: 103923.05 | E21: 110851.25 | F21: 20784.61 | G21: 173205.08
A22: 210 | B22: =(B$31-B$21)/(100)*($A22-$A$21)+B$21 -> 199532.25 | C22: =(C$31-C$21)/(100)*($A22-$A$21)+C$21 -> 54732.806 | D22: =(D$31-D$21)/(100)*($A22-$A$21)+D$21 -> 108772.79 | E22: =(E$31-E$21)/(100)*($A22-$A$21)+E$21 -> 119165.1 | F22: =(F$31-F$21)/(100)*($A22-$A$21)+F$21 -> 25634.352 | G22: =(G$31-G$21)/(100)*($A22-$A$21)+G$21 -> 181518.92
A23: 220 | B23: =(B$31-B$21)/(100)*($A23-$A$21)+B$21 -> 205074.82 | C23: =(C$31-C$21)/(100)*($A23-$A$21)+C$21 -> 60968.188 | D23: =(D$31-D$21)/(100)*($A23-$A$21)+D$21 -> 113622.53 | E23: =(E$31-E$21)/(100)*($A23-$A$21)+E$21 -> 127478.94 | F23: =(F$31-F$21)/(100)*($A23-$A$21)+F$21 -> 30484.094 | G23: =(G$31-G$21)/(100)*($A23-$A$21)+G$21 -> 189832.77
A24: 230 | B24: =(B$31-B$21)/(100)*($A24-$A$21)+B$21 -> 210617.38 | C24: =(C$31-C$21)/(100)*($A24-$A$21)+C$21 -> 67203.571 | D24: =(D$31-D$21)/(100)*($A24-$A$21)+D$21 -> 118472.28 | E24: =(E$31-E$21)/(100)*($A24-$A$21)+E$21 -> 135792.78 | F24: =(F$31-F$21)/(100)*($A24-$A$21)+F$21 -> 35333.836 | G24: =(G$31-G$21)/(100)*($A24-$A$21)+G$21 -> 198146.61
A25: 240 | B25: =(B$31-B$21)/(100)*($A25-$A$21)+B$21 -> 216159.94 | C25: =(C$31-C$21)/(100)*($A25-$A$21)+C$21 -> 73438.954 | D25: =(D$31-D$21)/(100)*($A25-$A$21)+D$21 -> 123322.02 | E25: =(E$31-E$21)/(100)*($A25-$A$21)+E$21 -> 144106.63 | F25: =(F$31-F$21)/(100)*($A25-$A$21)+F$21 -> 40183.579 | G25: =(G$31-G$21)/(100)*($A25-$A$21)+G$21 -> 206460.46
A26: 250 | B26: =(B$31-B$21)/(100)*($A26-$A$21)+B$21 -> 221702.5 | C26: =(C$31-C$21)/(100)*($A26-$A$21)+C$21 -> 79674.337 | D26: =(D$31-D$21)/(100)*($A26-$A$21)+D$21 -> 128171.76 | E26: =(E$31-E$21)/(100)*($A26-$A$21)+E$21 -> 152420.47 | F26: =(F$31-F$21)/(100)*($A26-$A$21)+F$21 -> 45033.321 | G26: =(G$31-G$21)/(100)*($A26-$A$21)+G$21 -> 214774.3
A27: 260 | B27: =(B$31-B$21)/(100)*($A27-$A$21)+B$21 -> 227245.07 | C27: =(C$31-C$21)/(100)*($A27-$A$21)+C$21 -> 85909.72 | D27: =(D$31-D$21)/(100)*($A27-$A$21)+D$21 -> 133021.5 | E27: =(E$31-E$21)/(100)*($A27-$A$21)+E$21 -> 160734.31 | F27: =(F$31-F$21)/(100)*($A27-$A$21)+F$21 -> 49883.063 | G27: =(G$31-G$21)/(100)*($A27-$A$21)+G$21 -> 223088.14
A28: 270 | B28: =(B$31-B$21)/(100)*($A28-$A$21)+B$21 -> 232787.63 | C28: =(C$31-C$21)/(100)*($A28-$A$21)+C$21 -> 92145.103 | D28: =(D$31-D$21)/(100)*($A28-$A$21)+D$21 -> 137871.24 | E28: =(E$31-E$21)/(100)*($A28-$A$21)+E$21 -> 169048.16 | F28: =(F$31-F$21)/(100)*($A28-$A$21)+F$21 -> 54732.806 | G28: =(G$31-G$21)/(100)*($A28-$A$21)+G$21 -> 231401.99
A29: 280 | B29: =(B$31-B$21)/(100)*($A29-$A$21)+B$21 -> 238330.19 | C29: =(C$31-C$21)/(100)*($A29-$A$21)+C$21 -> 98380.486 | D29: =(D$31-D$21)/(100)*($A29-$A$21)+D$21 -> 142720.99 | E29: =(E$31-E$21)/(100)*($A29-$A$21)+E$21 -> 177362 | F29: =(F$31-F$21)/(100)*($A29-$A$21)+F$21 -> 59582.548 | G29: =(G$31-G$21)/(100)*($A29-$A$21)+G$21 -> 239715.83
A30: 290 | B30: =(B$31-B$21)/(100)*($A30-$A$21)+B$21 -> 243872.75 | C30: =(C$31-C$21)/(100)*($A30-$A$21)+C$21 -> 104615.87 | D30: =(D$31-D$21)/(100)*($A30-$A$21)+D$21 -> 147570.73 | E30: =(E$31-E$21)/(100)*($A30-$A$21)+E$21 -> 185675.85 | F30: =(F$31-F$21)/(100)*($A30-$A$21)+F$21 -> 64432.29 | G30: =(G$31-G$21)/(100)*($A30-$A$21)+G$21 -> 248029.68
A31: 300 | B31: 249415.32 | C31: 110851.25 | D31: 152420.47 | E31: 193989.69 | F31: 69282.032 | G31: 256343.52
A32: 310 | B32: =(B$41-B$31)/(100)*($A32-$A$31)+B$31 -> 257729.16 | C32: =(C$41-C$31)/(100)*($A32-$A$31)+C$31 -> 115700.99 | D32: =(D$41-D$31)/(100)*($A32-$A$31)+D$31 -> 160041.49 | E32: =(E$41-E$31)/(100)*($A32-$A$31)+E$31 -> 205767.64 | F32: =(F$41-F$31)/(100)*($A32-$A$31)+F$31 -> 76903.056 | G32: =(G$41-G$31)/(100)*($A32-$A$31)+G$31 -> 265350.18
A33: 320 | B33: =(B$41-B$31)/(100)*($A33-$A$31)+B$31 -> 266043 | C33: =(C$41-C$31)/(100)*($A33-$A$31)+C$31 -> 120550.74 | D33: =(D$41-D$31)/(100)*($A33-$A$31)+D$31 -> 167662.52 | E33: =(E$41-E$31)/(100)*($A33-$A$31)+E$31 -> 217545.58 | F33: =(F$41-F$31)/(100)*($A33-$A$31)+F$31 -> 84524.079 | G33: =(G$41-G$31)/(100)*($A33-$A$31)+G$31 -> 274356.85
A34: 330 | B34: =(B$41-B$31)/(100)*($A34-$A$31)+B$31 -> 274356.85 | C34: =(C$41-C$31)/(100)*($A34-$A$31)+C$31 -> 125400.48 | D34: =(D$41-D$31)/(100)*($A34-$A$31)+D$31 -> 175283.54 | E34: =(E$41-E$31)/(100)*($A34-$A$31)+E$31 -> 229323.53 | F34: =(F$41-F$31)/(100)*($A34-$A$31)+F$31 -> 92145.103 | G34: =(G$41-G$31)/(100)*($A34-$A$31)+G$31 -> 283363.51
A35: 340 | B35: =(B$41-B$31)/(100)*($A35-$A$31)+B$31 -> 282670.69 | C35: =(C$41-C$31)/(100)*($A35-$A$31)+C$31 -> 130250.22 | D35: =(D$41-D$31)/(100)*($A35-$A$31)+D$31 -> 182904.57 | E35: =(E$41-E$31)/(100)*($A35-$A$31)+E$31 -> 241101.47 | F35: =(F$41-F$31)/(100)*($A35-$A$31)+F$31 -> 99766.127 | G35: =(G$41-G$31)/(100)*($A35-$A$31)+G$31 -> 292370.18
A36: 350 | B36: =(B$41-B$31)/(100)*($A36-$A$31)+B$31 -> 290984.54 | C36: =(C$41-C$31)/(100)*($A36-$A$31)+C$31 -> 135099.96 | D36: =(D$41-D$31)/(100)*($A36-$A$31)+D$31 -> 190525.59 | E36: =(E$41-E$31)/(100)*($A36-$A$31)+E$31 -> 252879.42 | F36: =(F$41-F$31)/(100)*($A36-$A$31)+F$31 -> 107387.15 | G36: =(G$41-G$31)/(100)*($A36-$A$31)+G$31 -> 301376.84
A37: 360 | B37: =(B$41-B$31)/(100)*($A37-$A$31)+B$31 -> 299298.38 | C37: =(C$41-C$31)/(100)*($A37-$A$31)+C$31 -> 139949.71 | D37: =(D$41-D$31)/(100)*($A37-$A$31)+D$31 -> 198146.61 | E37: =(E$41-E$31)/(100)*($A37-$A$31)+E$31 -> 264657.36 | F37: =(F$41-F$31)/(100)*($A37-$A$31)+F$31 -> 115008.17 | G37: =(G$41-G$31)/(100)*($A37-$A$31)+G$31 -> 310383.5
A38: 370 | B38: =(B$41-B$31)/(100)*($A38-$A$31)+B$31 -> 307612.22 | C38: =(C$41-C$31)/(100)*($A38-$A$31)+C$31 -> 144799.45 | D38: =(D$41-D$31)/(100)*($A38-$A$31)+D$31 -> 205767.64 | E38: =(E$41-E$31)/(100)*($A38-$A$31)+E$31 -> 276435.31 | F38: =(F$41-F$31)/(100)*($A38-$A$31)+F$31 -> 122629.2 | G38: =(G$41-G$31)/(100)*($A38-$A$31)+G$31 -> 319390.17
A39: 380 | B39: =(B$41-B$31)/(100)*($A39-$A$31)+B$31 -> 315926.07 | C39: =(C$41-C$31)/(100)*($A39-$A$31)+C$31 -> 149649.19 | D39: =(D$41-D$31)/(100)*($A39-$A$31)+D$31 -> 213388.66 | E39: =(E$41-E$31)/(100)*($A39-$A$31)+E$31 -> 288213.25 | F39: =(F$41-F$31)/(100)*($A39-$A$31)+F$31 -> 130250.22 | G39: =(G$41-G$31)/(100)*($A39-$A$31)+G$31 -> 328396.83
A40: 390 | B40: =(B$41-B$31)/(100)*($A40-$A$31)+B$31 -> 324239.91 | C40: =(C$41-C$31)/(100)*($A40-$A$31)+C$31 -> 154498.93 | D40: =(D$41-D$31)/(100)*($A40-$A$31)+D$31 -> 221009.68 | E40: =(E$41-E$31)/(100)*($A40-$A$31)+E$31 -> 299991.2 | F40: =(F$41-F$31)/(100)*($A40-$A$31)+F$31 -> 137871.24 | G40: =(G$41-G$31)/(100)*($A40-$A$31)+G$31 -> 337403.5
A41: 400 | B41: 332553.76 | C41: 159348.67 | D41: 228630.71 | E41: 311769.15 | F41: 145492.27 | G41: 346410.16
A42: 410 | B42: =(B$51-B$41)/(100)*($A42-$A$41)+B$41 -> 339481.96 | C42: =(C$51-C$41)/(100)*($A42-$A$41)+C$41 -> 173205.08 | D42: =(D$51-D$41)/(100)*($A42-$A$41)+D$41 -> 235558.91 | E42: =(E$51-E$41)/(100)*($A42-$A$41)+E$41 -> 320775.81 | F42: =(F$51-F$41)/(100)*($A42-$A$41)+F$41 -> 153113.29 | G42: =(G$51-G$41)/(100)*($A42-$A$41)+G$41 -> 356802.47
A43: 420 | B43: =(B$51-B$41)/(100)*($A43-$A$41)+B$41 -> 346410.16 | C43: =(C$51-C$41)/(100)*($A43-$A$41)+C$41 -> 187061.49 | D43: =(D$51-D$41)/(100)*($A43-$A$41)+D$41 -> 242487.11 | E43: =(E$51-E$41)/(100)*($A43-$A$41)+E$41 -> 329782.47 | F43: =(F$51-F$41)/(100)*($A43-$A$41)+F$41 -> 160734.31 | G43: =(G$51-G$41)/(100)*($A43-$A$41)+G$41 -> 367194.77
A44: 430 | B44: =(B$51-B$41)/(100)*($A44-$A$41)+B$41 -> 353338.36 | C44: =(C$51-C$41)/(100)*($A44-$A$41)+C$41 -> 200917.89 | D44: =(D$51-D$41)/(100)*($A44-$A$41)+D$41 -> 249415.32 | E44: =(E$51-E$41)/(100)*($A44-$A$41)+E$41 -> 338789.14 | F44: =(F$51-F$41)/(100)*($A44-$A$41)+F$41 -> 168355.34 | G44: =(G$51-G$41)/(100)*($A44-$A$41)+G$41 -> 377587.08
A45: 440 | B45: =(B$51-B$41)/(100)*($A45-$A$41)+B$41 -> 360266.57 | C45: =(C$51-C$41)/(100)*($A45-$A$41)+C$41 -> 214774.3 | D45: =(D$51-D$41)/(100)*($A45-$A$41)+D$41 -> 256343.52 | E45: =(E$51-E$41)/(100)*($A45-$A$41)+E$41 -> 347795.8 | F45: =(F$51-F$41)/(100)*($A45-$A$41)+F$41 -> 175976.36 | G45: =(G$51-G$41)/(100)*($A45-$A$41)+G$41 -> 387979.38
A46: 450 | B46: =(B$51-B$41)/(100)*($A46-$A$41)+B$41 -> 367194.77 | C46: =(C$51-C$41)/(100)*($A46-$A$41)+C$41 -> 228630.71 | D46: =(D$51-D$41)/(100)*($A46-$A$41)+D$41 -> 263271.72 | E46: =(E$51-E$41)/(100)*($A46-$A$41)+E$41 -> 356802.47 | F46: =(F$51-F$41)/(100)*($A46-$A$41)+F$41 -> 183597.39 | G46: =(G$51-G$41)/(100)*($A46-$A$41)+G$41 -> 398371.69
A47: 460 | B47: =(B$51-B$41)/(100)*($A47-$A$41)+B$41 -> 374122.97 | C47: =(C$51-C$41)/(100)*($A47-$A$41)+C$41 -> 242487.11 | D47: =(D$51-D$41)/(100)*($A47-$A$41)+D$41 -> 270199.93 | E47: =(E$51-E$41)/(100)*($A47-$A$41)+E$41 -> 365809.13 | F47: =(F$51-F$41)/(100)*($A47-$A$41)+F$41 -> 191218.41 | G47: =(G$51-G$41)/(100)*($A47-$A$41)+G$41 -> 408763.99
A48: 470 | B48: =(B$51-B$41)/(100)*($A48-$A$41)+B$41 -> 381051.18 | C48: =(C$51-C$41)/(100)*($A48-$A$41)+C$41 -> 256343.52 | D48: =(D$51-D$41)/(100)*($A48-$A$41)+D$41 -> 277128.13 | E48: =(E$51-E$41)/(100)*($A48-$A$41)+E$41 -> 374815.79 | F48: =(F$51-F$41)/(100)*($A48-$A$41)+F$41 -> 198839.43 | G48: =(G$51-G$41)/(100)*($A48-$A$41)+G$41 -> 419156.3
A49: 480 | B49: =(B$51-B$41)/(100)*($A49-$A$41)+B$41 -> 387979.38 | C49: =(C$51-C$41)/(100)*($A49-$A$41)+C$41 -> 270199.93 | D49: =(D$51-D$41)/(100)*($A49-$A$41)+D$41 -> 284056.33 | E49: =(E$51-E$41)/(100)*($A49-$A$41)+E$41 -> 383822.46 | F49: =(F$51-F$41)/(100)*($A49-$A$41)+F$41 -> 206460.46 | G49: =(G$51-G$41)/(100)*($A49-$A$41)+G$41 -> 429548.6
A50: 490 | B50: =(B$51-B$41)/(100)*($A50-$A$41)+B$41 -> 394907.58 | C50: =(C$51-C$41)/(100)*($A50-$A$41)+C$41 -> 284056.33 | D50: =(D$51-D$41)/(100)*($A50-$A$41)+D$41 -> 290984.54 | E50: =(E$51-E$41)/(100)*($A50-$A$41)+E$41 -> 392829.12 | F50: =(F$51-F$41)/(100)*($A50-$A$41)+F$41 -> 214081.48 | G50: =(G$51-G$41)/(100)*($A50-$A$41)+G$41 -> 439940.91
A51: 500 | B51: 401835.79 | C51: 297912.74 | D51: 297912.74 | E51: 401835.79 | F51: 221702.5 | G51: 450333.21
A52: 510 | B52: =(B$61-B$51)/(100)*($A52-$A$51)+B$51 -> 412228.09 | C52: =(C$61-C$51)/(100)*($A52-$A$51)+C$51 -> 304148.12 | D52: =(D$61-D$51)/(100)*($A52-$A$51)+D$51 -> 306919.4 | E52: =(E$61-E$51)/(100)*($A52-$A$51)+E$51 -> 415692.19 | F52: =(F$61-F$51)/(100)*($A52-$A$51)+F$51 -> 232787.63 | G52: =(G$61-G$51)/(100)*($A52-$A$51)+G$51 -> 469732.18
A53: 520 | B53: =(B$61-B$51)/(100)*($A53-$A$51)+B$51 -> 422620.4 | C53: =(C$61-C$51)/(100)*($A53-$A$51)+C$51 -> 310383.5 | D53: =(D$61-D$51)/(100)*($A53-$A$51)+D$51 -> 315926.07 | E53: =(E$61-E$51)/(100)*($A53-$A$51)+E$51 -> 429548.6 | F53: =(F$61-F$51)/(100)*($A53-$A$51)+F$51 -> 243872.75 | G53: =(G$61-G$51)/(100)*($A53-$A$51)+G$51 -> 489131.15
A54: 530 | B54: =(B$61-B$51)/(100)*($A54-$A$51)+B$51 -> 433012.7 | C54: =(C$61-C$51)/(100)*($A54-$A$51)+C$51 -> 316618.89 | D54: =(D$61-D$51)/(100)*($A54-$A$51)+D$51 -> 324932.73 | E54: =(E$61-E$51)/(100)*($A54-$A$51)+E$51 -> 443405.01 | F54: =(F$61-F$51)/(100)*($A54-$A$51)+F$51 -> 254957.88 | G54: =(G$61-G$51)/(100)*($A54-$A$51)+G$51 -> 508530.12
A55: 540 | B55: =(B$61-B$51)/(100)*($A55-$A$51)+B$51 -> 443405.01 | C55: =(C$61-C$51)/(100)*($A55-$A$51)+C$51 -> 322854.27 | D55: =(D$61-D$51)/(100)*($A55-$A$51)+D$51 -> 333939.4 | E55: =(E$61-E$51)/(100)*($A55-$A$51)+E$51 -> 457261.41 | F55: =(F$61-F$51)/(100)*($A55-$A$51)+F$51 -> 266043 | G55: =(G$61-G$51)/(100)*($A55-$A$51)+G$51 -> 527929.09
A56: 550 | B56: =(B$61-B$51)/(100)*($A56-$A$51)+B$51 -> 453797.31 | C56: =(C$61-C$51)/(100)*($A56-$A$51)+C$51 -> 329089.65 | D56: =(D$61-D$51)/(100)*($A56-$A$51)+D$51 -> 342946.06 | E56: =(E$61-E$51)/(100)*($A56-$A$51)+E$51 -> 471117.82 | F56: =(F$61-F$51)/(100)*($A56-$A$51)+F$51 -> 277128.13 | G56: =(G$61-G$51)/(100)*($A56-$A$51)+G$51 -> 547328.06
A57: 560 | B57: =(B$61-B$51)/(100)*($A57-$A$51)+B$51 -> 464189.62 | C57: =(C$61-C$51)/(100)*($A57-$A$51)+C$51 -> 335325.04 | D57: =(D$61-D$51)/(100)*($A57-$A$51)+D$51 -> 351952.72 | E57: =(E$61-E$51)/(100)*($A57-$A$51)+E$51 -> 484974.23 | F57: =(F$61-F$51)/(100)*($A57-$A$51)+F$51 -> 288213.25 | G57: =(G$61-G$51)/(100)*($A57-$A$51)+G$51 -> 566727.02
A58: 570 | B58: =(B$61-B$51)/(100)*($A58-$A$51)+B$51 -> 474581.92 | C58: =(C$61-C$51)/(100)*($A58-$A$51)+C$51 -> 341560.42 | D58: =(D$61-D$51)/(100)*($A58-$A$51)+D$51 -> 360959.39 | E58: =(E$61-E$51)/(100)*($A58-$A$51)+E$51 -> 498830.63 | F58: =(F$61-F$51)/(100)*($A58-$A$51)+F$51 -> 299298.38 | G58: =(G$61-G$51)/(100)*($A58-$A$51)+G$51 -> 586125.99
A59: 580 | B59: =(B$61-B$51)/(100)*($A59-$A$51)+B$51 -> 484974.23 | C59: =(C$61-C$51)/(100)*($A59-$A$51)+C$51 -> 347795.8 | D59: =(D$61-D$51)/(100)*($A59-$A$51)+D$51 -> 369966.05 | E59: =(E$61-E$51)/(100)*($A59-$A$51)+E$51 -> 512687.04 | F59: =(F$61-F$51)/(100)*($A59-$A$51)+F$51 -> 310383.5 | G59: =(G$61-G$51)/(100)*($A59-$A$51)+G$51 -> 605524.96
A60: 590 | B60: =(B$61-B$51)/(100)*($A60-$A$51)+B$51 -> 495366.53 | C60: =(C$61-C$51)/(100)*($A60-$A$51)+C$51 -> 354031.19 | D60: =(D$61-D$51)/(100)*($A60-$A$51)+D$51 -> 378972.72 | E60: =(E$61-E$51)/(100)*($A60-$A$51)+E$51 -> 526543.45 | F60: =(F$61-F$51)/(100)*($A60-$A$51)+F$51 -> 321468.63 | G60: =(G$61-G$51)/(100)*($A60-$A$51)+G$51 -> 624923.93
A61: 600 | B61: 505758.84 | C61: 360266.57 | D61: 387979.38 | E61: 540399.85 | F61: 332553.76 | G61: 644322.9
A62: 610 | B62: =(B$71-B$61)/(100)*($A62-$A$61)+B$61 -> 520308.06 | C62: =(C$71-C$61)/(100)*($A62-$A$61)+C$61 -> 367887.59 | D62: =(D$71-D$61)/(100)*($A62-$A$61)+D$61 -> 399757.33 | E62: =(E$71-E$61)/(100)*($A62-$A$61)+E$61 -> 555641.9 | F62: =(F$71-F$61)/(100)*($A62-$A$61)+F$61 -> 342946.06 | G62: =(G$71-G$61)/(100)*($A62-$A$61)+G$61 -> 658872.13
A63: 620 | B63: =(B$71-B$61)/(100)*($A63-$A$61)+B$61 -> 534857.29 | C63: =(C$71-C$61)/(100)*($A63-$A$61)+C$61 -> 375508.62 | D63: =(D$71-D$61)/(100)*($A63-$A$61)+D$61 -> 411535.27 | E63: =(E$71-E$61)/(100)*($A63-$A$61)+E$61 -> 570883.95 | F63: =(F$71-F$61)/(100)*($A63-$A$61)+F$61 -> 353338.36 | G63: =(G$71-G$61)/(100)*($A63-$A$61)+G$61 -> 673421.35
A64: 630 | B64: =(B$71-B$61)/(100)*($A64-$A$61)+B$61 -> 549406.52 | C64: =(C$71-C$61)/(100)*($A64-$A$61)+C$61 -> 383129.64 | D64: =(D$71-D$61)/(100)*($A64-$A$61)+D$61 -> 423313.22 | E64: =(E$71-E$61)/(100)*($A64-$A$61)+E$61 -> 586125.99 | F64: =(F$71-F$61)/(100)*($A64-$A$61)+F$61 -> 363730.67 | G64: =(G$71-G$61)/(100)*($A64-$A$61)+G$61 -> 687970.58
A65: 640 | B65: =(B$71-B$61)/(100)*($A65-$A$61)+B$61 -> 563955.74 | C65: =(C$71-C$61)/(100)*($A65-$A$61)+C$61 -> 390750.66 | D65: =(D$71-D$61)/(100)*($A65-$A$61)+D$61 -> 435091.16 | E65: =(E$71-E$61)/(100)*($A65-$A$61)+E$61 -> 601368.04 | F65: =(F$71-F$61)/(100)*($A65-$A$61)+F$61 -> 374122.97 | G65: =(G$71-G$61)/(100)*($A65-$A$61)+G$61 -> 702519.81
A66: 650 | B66: =(B$71-B$61)/(100)*($A66-$A$61)+B$61 -> 578504.97 | C66: =(C$71-C$61)/(100)*($A66-$A$61)+C$61 -> 398371.69 | D66: =(D$71-D$61)/(100)*($A66-$A$61)+D$61 -> 446869.11 | E66: =(E$71-E$61)/(100)*($A66-$A$61)+E$61 -> 616610.09 | F66: =(F$71-F$61)/(100)*($A66-$A$61)+F$61 -> 384515.28 | G66: =(G$71-G$61)/(100)*($A66-$A$61)+G$61 -> 717069.03
A67: 660 | B67: =(B$71-B$61)/(100)*($A67-$A$61)+B$61 -> 593054.2 | C67: =(C$71-C$61)/(100)*($A67-$A$61)+C$61 -> 405992.71 | D67: =(D$71-D$61)/(100)*($A67-$A$61)+D$61 -> 458647.05 | E67: =(E$71-E$61)/(100)*($A67-$A$61)+E$61 -> 631852.13 | F67: =(F$71-F$61)/(100)*($A67-$A$61)+F$61 -> 394907.58 | G67: =(G$71-G$61)/(100)*($A67-$A$61)+G$61 -> 731618.26
A68: 670 | B68: =(B$71-B$61)/(100)*($A68-$A$61)+B$61 -> 607603.42 | C68: =(C$71-C$61)/(100)*($A68-$A$61)+C$61 -> 413613.73 | D68: =(D$71-D$61)/(100)*($A68-$A$61)+D$61 -> 470425 | E68: =(E$71-E$61)/(100)*($A68-$A$61)+E$61 -> 647094.18 | F68: =(F$71-F$61)/(100)*($A68-$A$61)+F$61 -> 405299.89 | G68: =(G$71-G$61)/(100)*($A68-$A$61)+G$61 -> 746167.49
A69: 680 | B69: =(B$71-B$61)/(100)*($A69-$A$61)+B$61 -> 622152.65 | C69: =(C$71-C$61)/(100)*($A69-$A$61)+C$61 -> 421234.76 | D69: =(D$71-D$61)/(100)*($A69-$A$61)+D$61 -> 482202.94 | E69: =(E$71-E$61)/(100)*($A69-$A$61)+E$61 -> 662336.23 | F69: =(F$71-F$61)/(100)*($A69-$A$61)+F$61 -> 415692.19 | G69: =(G$71-G$61)/(100)*($A69-$A$61)+G$61 -> 760716.71
A70: 690 | B70: =(B$71-B$61)/(100)*($A70-$A$61)+B$61 -> 636701.88 | C70: =(C$71-C$61)/(100)*($A70-$A$61)+C$61 -> 428855.78 | D70: =(D$71-D$61)/(100)*($A70-$A$61)+D$61 -> 493980.89 | E70: =(E$71-E$61)/(100)*($A70-$A$61)+E$61 -> 677578.28 | F70: =(F$71-F$61)/(100)*($A70-$A$61)+F$61 -> 426084.5 | G70: =(G$71-G$61)/(100)*($A70-$A$61)+G$61 -> 775265.94
A71: 700 | B71: 651251.1 | C71: 436476.8 | D71: 505758.84 | E71: 692820.32 | F71: 436476.8 | G71: 789815.17
A72: 710 | B72: =(B$81-B$71)/(100)*($A72-$A$71)+B$71 -> 667878.79 | C72: =(C$81-C$71)/(100)*($A72-$A$71)+C$71 -> 451718.85 | D72: =(D$81-D$71)/(100)*($A72-$A$71)+D$71 -> 516151.14 | E72: =(E$81-E$71)/(100)*($A72-$A$71)+E$71 -> 705291.09 | F72: =(F$81-F$71)/(100)*($A72-$A$71)+F$71 -> 452411.67 | G72: =(G$81-G$71)/(100)*($A72-$A$71)+G$71 -> 807828.5
A73: 720 | B73: =(B$81-B$71)/(100)*($A73-$A$71)+B$71 -> 684506.48 | C73: =(C$81-C$71)/(100)*($A73-$A$71)+C$71 -> 466960.9 | D73: =(D$81-D$71)/(100)*($A73-$A$71)+D$71 -> 526543.45 | E73: =(E$81-E$71)/(100)*($A73-$A$71)+E$71 -> 717761.85 | F73: =(F$81-F$71)/(100)*($A73-$A$71)+F$71 -> 468346.54 | G73: =(G$81-G$71)/(100)*($A73-$A$71)+G$71 -> 825841.83
A74: 730 | B74: =(B$81-B$71)/(100)*($A74-$A$71)+B$71 -> 701134.17 | C74: =(C$81-C$71)/(100)*($A74-$A$71)+C$71 -> 482202.94 | D74: =(D$81-D$71)/(100)*($A74-$A$71)+D$71 -> 536935.75 | E74: =(E$81-E$71)/(100)*($A74-$A$71)+E$71 -> 730232.62 | F74: =(F$81-F$71)/(100)*($A74-$A$71)+F$71 -> 484281.41 | G74: =(G$81-G$71)/(100)*($A74-$A$71)+G$71 -> 843855.15
A75: 740 | B75: =(B$81-B$71)/(100)*($A75-$A$71)+B$71 -> 717761.85 | C75: =(C$81-C$71)/(100)*($A75-$A$71)+C$71 -> 497444.99 | D75: =(D$81-D$71)/(100)*($A75-$A$71)+D$71 -> 547328.06 | E75: =(E$81-E$71)/(100)*($A75-$A$71)+E$71 -> 742703.39 | F75: =(F$81-F$71)/(100)*($A75-$A$71)+F$71 -> 500216.27 | G75: =(G$81-G$71)/(100)*($A75-$A$71)+G$71 -> 861868.48
A76: 750 | B76: =(B$81-B$71)/(100)*($A76-$A$71)+B$71 -> 734389.54 | C76: =(C$81-C$71)/(100)*($A76-$A$71)+C$71 -> 512687.04 | D76: =(D$81-D$71)/(100)*($A76-$A$71)+D$71 -> 557720.36 | E76: =(E$81-E$71)/(100)*($A76-$A$71)+E$71 -> 755174.15 | F76: =(F$81-F$71)/(100)*($A76-$A$71)+F$71 -> 516151.14 | G76: =(G$81-G$71)/(100)*($A76-$A$71)+G$71 -> 879881.81
A77: 760 | B77: =(B$81-B$71)/(100)*($A77-$A$71)+B$71 -> 751017.23 | C77: =(C$81-C$71)/(100)*($A77-$A$71)+C$71 -> 527929.09 | D77: =(D$81-D$71)/(100)*($A77-$A$71)+D$71 -> 568112.66 | E77: =(E$81-E$71)/(100)*($A77-$A$71)+E$71 -> 767644.92 | F77: =(F$81-F$71)/(100)*($A77-$A$71)+F$71 -> 532086.01 | G77: =(G$81-G$71)/(100)*($A77-$A$71)+G$71 -> 897895.14
A78: 770 | B78: =(B$81-B$71)/(100)*($A78-$A$71)+B$71 -> 767644.92 | C78: =(C$81-C$71)/(100)*($A78-$A$71)+C$71 -> 543171.13 | D78: =(D$81-D$71)/(100)*($A78-$A$71)+D$71 -> 578504.97 | E78: =(E$81-E$71)/(100)*($A78-$A$71)+E$71 -> 780115.68 | F78: =(F$81-F$71)/(100)*($A78-$A$71)+F$71 -> 548020.88 | G78: =(G$81-G$71)/(100)*($A78-$A$71)+G$71 -> 915908.47
A79: 780 | B79: =(B$81-B$71)/(100)*($A79-$A$71)+B$71 -> 784272.61 | C79: =(C$81-C$71)/(100)*($A79-$A$71)+C$71 -> 558413.18 | D79: =(D$81-D$71)/(100)*($A79-$A$71)+D$71 -> 588897.27 | E79: =(E$81-E$71)/(100)*($A79-$A$71)+E$71 -> 792586.45 | F79: =(F$81-F$71)/(100)*($A79-$A$71)+F$71 -> 563955.74 | G79: =(G$81-G$71)/(100)*($A79-$A$71)+G$71 -> 933921.8
A80: 790 | B80: =(B$81-B$71)/(100)*($A80-$A$71)+B$71 -> 800900.29 | C80: =(C$81-C$71)/(100)*($A80-$A$71)+C$71 -> 573655.23 | D80: =(D$81-D$71)/(100)*($A80-$A$71)+D$71 -> 599289.58 | E80: =(E$81-E$71)/(100)*($A80-$A$71)+E$71 -> 805057.22 | F80: =(F$81-F$71)/(100)*($A80-$A$71)+F$71 -> 579890.61 | G80: =(G$81-G$71)/(100)*($A80-$A$71)+G$71 -> 951935.12
A81: 800 | B81: 817527.98 | C81: 588897.27 | D81: 609681.88 | E81: 817527.98 | F81: 595825.48 | G81: 969948.45
A82: 810 | B82: =(B$91-B$81)/(100)*($A82-$A$81)+B$81 -> 836234.13 | C82: =(C$91-C$81)/(100)*($A82-$A$81)+C$81 -> 600675.22 | D82: =(D$91-D$81)/(100)*($A82-$A$81)+D$81 -> 624923.93 | E82: =(E$91-E$81)/(100)*($A82-$A$81)+E$81 -> 829305.93 | F82: =(F$91-F$81)/(100)*($A82-$A$81)+F$81 -> 601368.04 | G82: =(G$91-G$81)/(100)*($A82-$A$81)+G$81 -> 985883.32
A83: 820 | B83: =(B$91-B$81)/(100)*($A83-$A$81)+B$81 -> 854940.28 | C83: =(C$91-C$81)/(100)*($A83-$A$81)+C$81 -> 612453.17 | D83: =(D$91-D$81)/(100)*($A83-$A$81)+D$81 -> 640165.98 | E83: =(E$91-E$81)/(100)*($A83-$A$81)+E$81 -> 841083.87 | F83: =(F$91-F$81)/(100)*($A83-$A$81)+F$81 -> 606910.6 | G83: =(G$91-G$81)/(100)*($A83-$A$81)+G$81 -> 1001818.2
A84: 830 | B84: =(B$91-B$81)/(100)*($A84-$A$81)+B$81 -> 873646.43 | C84: =(C$91-C$81)/(100)*($A84-$A$81)+C$81 -> 624231.11 | D84: =(D$91-D$81)/(100)*($A84-$A$81)+D$81 -> 655408.03 | E84: =(E$91-E$81)/(100)*($A84-$A$81)+E$81 -> 852861.82 | F84: =(F$91-F$81)/(100)*($A84-$A$81)+F$81 -> 612453.17 | G84: =(G$91-G$81)/(100)*($A84-$A$81)+G$81 -> 1017753.1
A85: 840 | B85: =(B$91-B$81)/(100)*($A85-$A$81)+B$81 -> 892352.58 | C85: =(C$91-C$81)/(100)*($A85-$A$81)+C$81 -> 636009.06 | D85: =(D$91-D$81)/(100)*($A85-$A$81)+D$81 -> 670650.07 | E85: =(E$91-E$81)/(100)*($A85-$A$81)+E$81 -> 864639.76 | F85: =(F$91-F$81)/(100)*($A85-$A$81)+F$81 -> 617995.73 | G85: =(G$91-G$81)/(100)*($A85-$A$81)+G$81 -> 1033687.9
A86: 850 | B86: =(B$91-B$81)/(100)*($A86-$A$81)+B$81 -> 911058.72 | C86: =(C$91-C$81)/(100)*($A86-$A$81)+C$81 -> 647787 | D86: =(D$91-D$81)/(100)*($A86-$A$81)+D$81 -> 685892.12 | E86: =(E$91-E$81)/(100)*($A86-$A$81)+E$81 -> 876417.71 | F86: =(F$91-F$81)/(100)*($A86-$A$81)+F$81 -> 623538.29 | G86: =(G$91-G$81)/(100)*($A86-$A$81)+G$81 -> 1049622.8
A87: 860 | B87: =(B$91-B$81)/(100)*($A87-$A$81)+B$81 -> 929764.87 | C87: =(C$91-C$81)/(100)*($A87-$A$81)+C$81 -> 659564.95 | D87: =(D$91-D$81)/(100)*($A87-$A$81)+D$81 -> 701134.17 | E87: =(E$91-E$81)/(100)*($A87-$A$81)+E$81 -> 888195.65 | F87: =(F$91-F$81)/(100)*($A87-$A$81)+F$81 -> 629080.85 | G87: =(G$91-G$81)/(100)*($A87-$A$81)+G$81 -> 1065557.7
A88: 870 | B88: =(B$91-B$81)/(100)*($A88-$A$81)+B$81 -> 948471.02 | C88: =(C$91-C$81)/(100)*($A88-$A$81)+C$81 -> 671342.89 | D88: =(D$91-D$81)/(100)*($A88-$A$81)+D$81 -> 716376.21 | E88: =(E$91-E$81)/(100)*($A88-$A$81)+E$81 -> 899973.6 | F88: =(F$91-F$81)/(100)*($A88-$A$81)+F$81 -> 634623.42 | G88: =(G$91-G$81)/(100)*($A88-$A$81)+G$81 -> 1081492.5
A89: 880 | B89: =(B$91-B$81)/(100)*($A89-$A$81)+B$81 -> 967177.17 | C89: =(C$91-C$81)/(100)*($A89-$A$81)+C$81 -> 683120.84 | D89: =(D$91-D$81)/(100)*($A89-$A$81)+D$81 -> 731618.26 | E89: =(E$91-E$81)/(100)*($A89-$A$81)+E$81 -> 911751.55 | F89: =(F$91-F$81)/(100)*($A89-$A$81)+F$81 -> 640165.98 | G89: =(G$91-G$81)/(100)*($A89-$A$81)+G$81 -> 1097427.4
A90: 890 | B90: =(B$91-B$81)/(100)*($A90-$A$81)+B$81 -> 985883.32 | C90: =(C$91-C$81)/(100)*($A90-$A$81)+C$81 -> 694898.78 | D90: =(D$91-D$81)/(100)*($A90-$A$81)+D$81 -> 746860.31 | E90: =(E$91-E$81)/(100)*($A90-$A$81)+E$81 -> 923529.49 | F90: =(F$91-F$81)/(100)*($A90-$A$81)+F$81 -> 645708.54 | G90: =(G$91-G$81)/(100)*($A90-$A$81)+G$81 -> 1113362.3
A91: 900 | B91: 1004589.5 | C91: 706676.73 | D91: 762102.36 | E91: 935307.44 | F91: 651251.1 | G91: 1129297.1
A92: 910 | B92: =(B$101-B$91)/(100)*($A92-$A$91)+B$91 -> 1021217.2 | C92: =(C$101-C$91)/(100)*($A92-$A$91)+C$91 -> 726075.7 | D92: =(D$101-D$91)/(100)*($A92-$A$91)+D$91 -> 774573.12 | E92: =(E$101-E$91)/(100)*($A92-$A$91)+E$91 -> 952627.94 | F92: =(F$101-F$91)/(100)*($A92-$A$91)+F$91 -> 667185.97 | G92: =(G$101-G$91)/(100)*($A92-$A$91)+G$91 -> 1145232
A93: 920 | B93: =(B$101-B$91)/(100)*($A93-$A$91)+B$91 -> 1037844.8 | C93: =(C$101-C$91)/(100)*($A93-$A$91)+C$91 -> 745474.67 | D93: =(D$101-D$91)/(100)*($A93-$A$91)+D$91 -> 787043.89 | E93: =(E$101-E$91)/(100)*($A93-$A$91)+E$91 -> 969948.45 | F93: =(F$101-F$91)/(100)*($A93-$A$91)+F$91 -> 683120.84 | G93: =(G$101-G$91)/(100)*($A93-$A$91)+G$91 -> 1161166.9
A94: 930 | B94: =(B$101-B$91)/(100)*($A94-$A$91)+B$91 -> 1054472.5 | C94: =(C$101-C$91)/(100)*($A94-$A$91)+C$91 -> 764873.64 | D94: =(D$101-D$91)/(100)*($A94-$A$91)+D$91 -> 799514.65 | E94: =(E$101-E$91)/(100)*($A94-$A$91)+E$91 -> 987268.96 | F94: =(F$101-F$91)/(100)*($A94-$A$91)+F$91 -> 699055.71 | G94: =(G$101-G$91)/(100)*($A94-$A$91)+G$91 -> 1177101.7
A95: 940 | B95: =(B$101-B$91)/(100)*($A95-$A$91)+B$91 -> 1071100.2 | C95: =(C$101-C$91)/(100)*($A95-$A$91)+C$91 -> 784272.61 | D95: =(D$101-D$91)/(100)*($A95-$A$91)+D$91 -> 811985.42 | E95: =(E$101-E$91)/(100)*($A95-$A$91)+E$91 -> 1004589.5 | F95: =(F$101-F$91)/(100)*($A95-$A$91)+F$91 -> 714990.57 | G95: =(G$101-G$91)/(100)*($A95-$A$91)+G$91 -> 1193036.6
A96: 950 | B96: =(B$101-B$91)/(100)*($A96-$A$91)+B$91 -> 1087727.9 | C96: =(C$101-C$91)/(100)*($A96-$A$91)+C$91 -> 803671.57 | D96: =(D$101-D$91)/(100)*($A96-$A$91)+D$91 -> 824456.18 | E96: =(E$101-E$91)/(100)*($A96-$A$91)+E$91 -> 1021910 | F96: =(F$101-F$91)/(100)*($A96-$A$91)+F$91 -> 730925.44 | G96: =(G$101-G$91)/(100)*($A96-$A$91)+G$91 -> 1208971.5
A97: 960 | B97: =(B$101-B$91)/(100)*($A97-$A$91)+B$91 -> 1104355.6 | C97: =(C$101-C$91)/(100)*($A97-$A$91)+C$91 -> 823070.54 | D97: =(D$101-D$91)/(100)*($A97-$A$91)+D$91 -> 836926.95 | E97: =(E$101-E$91)/(100)*($A97-$A$91)+E$91 -> 1039230.5 | F97: =(F$101-F$91)/(100)*($A97-$A$91)+F$91 -> 746860.31 | G97: =(G$101-G$91)/(100)*($A97-$A$91)+G$91 -> 1224906.3
A98: 970 | B98: =(B$101-B$91)/(100)*($A98-$A$91)+B$91 -> 1120983.3 | C98: =(C$101-C$91)/(100)*($A98-$A$91)+C$91 -> 842469.51 | D98: =(D$101-D$91)/(100)*($A98-$A$91)+D$91 -> 849397.72 | E98: =(E$101-E$91)/(100)*($A98-$A$91)+E$91 -> 1056551 | F98: =(F$101-F$91)/(100)*($A98-$A$91)+F$91 -> 762795.18 | G98: =(G$101-G$91)/(100)*($A98-$A$91)+G$91 -> 1240841.2
A99: 980 | B99: =(B$101-B$91)/(100)*($A99-$A$91)+B$91 -> 1137611 | C99: =(C$101-C$91)/(100)*($A99-$A$91)+C$91 -> 861868.48 | D99: =(D$101-D$91)/(100)*($A99-$A$91)+D$91 -> 861868.48 | E99: =(E$101-E$91)/(100)*($A99-$A$91)+E$91 -> 1073871.5 | F99: =(F$101-F$91)/(100)*($A99-$A$91)+F$91 -> 778730.04 | G99: =(G$101-G$91)/(100)*($A99-$A$91)+G$91 -> 1256776.1
A100: 990 | B100: =(B$101-B$91)/(100)*($A100-$A$91)+B$91 -> 1154238.7 | C100: =(C$101-C$91)/(100)*($A100-$A$91)+C$91 -> 881267.45 | D100: =(D$101-D$91)/(100)*($A100-$A$91)+D$91 -> 874339.25 | E100: =(E$101-E$91)/(100)*($A100-$A$91)+E$91 -> 1091192 | F100: =(F$101-F$91)/(100)*($A100-$A$91)+F$91 -> 794664.91 | G100: =(G$101-G$91)/(100)*($A100-$A$91)+G$91 -> 1272710.9
...

Sheet max_burned_area
B1: 1 | C1: 2 | D1: 3 | E1: 4 | F1: 5 | G1: 6
A2: max | B2: 5272362.7 | C2: 5272362.7 | D2: 5272362.7 | E2: 5272362.7 | F2: 5272362.7 | G2: 5272362.7

Sheet ignition_water
B1: 1 | C1: 2 | D1: 3 | E1: 4 | F1: 5 | G1: 6
A2: 10 | B2: =2*PI()*SQRT(burned_area!B2/PI())*5 -> 3903.321 | C2: =2*PI()*SQRT(burned_area!C2/PI())*5 -> 1475.3167 | D2: =2*PI()*SQRT(burned_area!D2/PI())*5 -> 3298.9083 | E2: =2*PI()*SQRT(burned_area!E2/PI())*5 -> 1475.3167 | F2: =2*PI()*SQRT(burned_area!F2/PI())*5 -> 1475.3167 | G2: =2*PI()*SQRT(burned_area!G2/PI())*5 -> 3903.321
A3: 20 | B3: =2*PI()*SQRT(burned_area!B3/PI())*5 -> 4425.95 | C3: =2*PI()*SQRT(burned_area!C3/PI())*5 -> 1616.1284 | D3: =2*PI()*SQRT(burned_area!D3/PI())*5 -> 3553.033 | E3: =2*PI()*SQRT(burned_area!E3/PI())*5 -> 2188.2482 | F3: =2*PI()*SQRT(burned_area!F3/PI())*5 -> 1475.3167 | G3: =2*PI()*SQRT(burned_area!G3/PI())*5 -> 4376.4965
A4: 30 | B4: =2*PI()*SQRT(burned_area!B4/PI())*5 -> 4665.3609 | C4: =2*PI()*SQRT(burned_area!C4/PI())*5 -> 1682.1198 | D4: =2*PI()*SQRT(burned_area!D4/PI())*5 -> 3673.5088 | E4: =2*PI()*SQRT(burned_area!E4/PI())*5 -> 2468.6769 | F4: =2*PI()*SQRT(burned_area!F4/PI())*5 -> 1475.3167 | G4: =2*PI()*SQRT(burned_area!G4/PI())*5 -> 4594.8476
A5: 40 | B5: =2*PI()*SQRT(burned_area!B5/PI())*5 -> 4893.0718 | C5: =2*PI()*SQRT(burned_area!C5/PI())*5 -> 1745.6182 | D5: =2*PI()*SQRT(burned_area!D5/PI())*5 -> 3790.1571 | E5: =2*PI()*SQRT(burned_area!E5/PI())*5 -> 2720.3495 | F5: =2*PI()*SQRT(burned_area!F5/PI())*5 -> 1475.3167 | G5: =2*PI()*SQRT(burned_area!G5/PI())*5 -> 4803.283
A6: 50 | B6: =2*PI()*SQRT(burned_area!B6/PI())*5 -> 5110.6468 | C6: =2*PI()*SQRT(burned_area!C6/PI())*5 -> 1806.8865 | D6: =2*PI()*SQRT(burned_area!D6/PI())*5 -> 3903.321 | E6: =2*PI()*SQRT(burned_area!E6/PI())*5 -> 2950.6333 | F6: =2*PI()*SQRT(burned_area!F6/PI())*5 -> 1475.3167 | G6: =2*PI()*SQRT(burned_area!G6/PI())*5 -> 5003.0422
A7: 60 | B7: =2*PI()*SQRT(burned_area!B7/PI())*5 -> 5319.3299 | C7: =2*PI()*SQRT(burned_area!C7/PI())*5 -> 1866.1444 | D7: =2*PI()*SQRT(burned_area!D7/PI())*5 -> 4013.2952 | E7: =2*PI()*SQRT(burned_area!E7/PI())*5 -> 3164.2017 | F7: =2*PI()*SQRT(burned_area!F7/PI())*5 -> 1475.3167 | G7: =2*PI()*SQRT(burned_area!G7/PI())*5 -> 5195.126
A8: 70 | B8: =2*PI()*SQRT(burned_area!B8/PI())*5 -> 5520.1295 | C8: =2*PI()*SQRT(burned_area!C8/PI())*5 -> 1923.5776 | D8: =2*PI()*SQRT(burned_area!D8/PI())*5 -> 4120.3352 | E8: =2*PI()*SQRT(burned_area!E8/PI())*5 -> 3364.2396 | F8: =2*PI()*SQRT(burned_area!F8/PI())*5 -> 1475.3167 | G8: =2*PI()*SQRT(burned_area!G8/PI())*5 -> 5380.3567
A9: 80 | B9: =2*PI()*SQRT(burned_area!B9/PI())*5 -> 5713.8768 | C9: =2*PI()*SQRT(burned_area!C9/PI())*5 -> 1979.345 | D9: =2*PI()*SQRT(burned_area!D9/PI())*5 -> 4224.664 | E9: =2*PI()*SQRT(burned_area!E9/PI())*5 -> 3553.033 | F9: =2*PI()*SQRT(burned_area!F9/PI())*5 -> 1475.3167 | G9: =2*PI()*SQRT(burned_area!G9/PI())*5 -> 5559.4191
A10: 90 | B10: =2*PI()*SQRT(burned_area!B10/PI())*5 -> 5901.2666 | C10: =2*PI()*SQRT(burned_area!C10/PI())*5 -> 2033.5837 | D10: =2*PI()*SQRT(burned_area!D10/PI())*5 -> 4326.4777 | E10: =2*PI()*SQRT(burned_area!E10/PI())*5 -> 3732.2887 | F10: =2*PI()*SQRT(burned_area!F10/PI())*5 -> 1475.3167 | G10: =2*PI()*SQRT(burned_area!G10/PI())*5 -> 5732.8915
A11: 100 | B11: =2*PI()*SQRT(burned_area!B11/PI())*5 -> 6082.8864 | C11: =2*PI()*SQRT(burned_area!C11/PI())*5 -> 2086.4128 | D11: =2*PI()*SQRT(burned_area!D11/PI())*5 -> 4425.95 | E11: =2*PI()*SQRT(burned_area!E11/PI())*5 -> 3903.321 | F11: =2*PI()*SQRT(burned_area!F11/PI())*5 -> 1475.3167 | G11: =2*PI()*SQRT(burned_area!G11/PI())*5 -> 5901.2666
A12: 110 | B12: =2*PI()*SQRT(burned_area!B12/PI())*5 -> 6276.6012 | C12: =2*PI()*SQRT(burned_area!C12/PI())*5 -> 2332.6805 | D12: =2*PI()*SQRT(burned_area!D12/PI())*5 -> 4571.1015 | E12: =2*PI()*SQRT(burned_area!E12/PI())*5 -> 4146.6635 | F12: =2*PI()*SQRT(burned_area!F12/PI())*5 -> 1616.1284 | G12: =2*PI()*SQRT(burned_area!G12/PI())*5 -> 6064.9692
A13: 120 | B13: =2*PI()*SQRT(burned_area!B13/PI())*5 -> 6464.5137 | C13: =2*PI()*SQRT(burned_area!C13/PI())*5 -> 2555.3234 | D13: =2*PI()*SQRT(burned_area!D13/PI())*5 -> 4711.7835 | E13: =2*PI()*SQRT(burned_area!E13/PI())*5 -> 4376.4965 | F13: =2*PI()*SQRT(burned_area!F13/PI())*5 -> 1745.6182 | G13: =2*PI()*SQRT(burned_area!G13/PI())*5 -> 6224.3678
... A521: 5200 | B521: =2*PI()*SQRT(burned_area!B521/PI())*5 -> 40698.422 | C521: =2*PI()*SQRT(burned_area!C521/PI())*5 -> 40698.422 | D521: =2*PI()*SQRT(burned_area!D521/PI())*5 -> 40698.422 | E521: =2*PI()*SQRT(burned_area!E521/PI())*5 -> 40698.422 | F521: =2*PI()*SQRT(burned_area!F521/PI())*5 -> 40698.422 | G521: =2*PI()*SQRT(burned_area!G521/PI())*5 -> 40698.422

Sheet resources_capacity
A1: Resource | B1: Capacity | C1: Base
A2: R1 | B2: 3000 | C2: Associação Humanitária de Bombeiros Voluntários de Póvoa de Lanhoso
A3: R2 | B3: 3500 | C3: Associação Humanitária de Bombeiros Voluntários de Póvoa de Lanhoso
A4: R3 | B4: 4000 | C4: Associação Humanitária de Bombeiros Voluntários de Póvoa de Lanhoso
A5: R4 | B5: 500 | C5: Associação Humanitária de Bombeiros Voluntários de Póvoa de Lanhoso
A6: R5 | B6: 600 | C6: Associação Humanitária de Bombeiros Voluntários de Póvoa de Lanhoso
